sample_id	num_contigs	size	gc	md5	rep_type(s)	rep_type_accession(s)	relaxase_type(s)	relaxase_type_accession(s)	mpf_type	mpf_type_accession(s)	orit_type(s)	orit_accession(s)	predicted_mobility	mash_nearest_neighbor	mash_neighbor_distance	mash_neighbor_identification	primary_cluster_id	secondary_cluster_id	predicted_host_range_overall_rank	predicted_host_range_overall_name	observed_host_range_ncbi_rank	observed_host_range_ncbi_name	reported_host_range_lit_rank	reported_host_range_lit_name	associated_pmid(s)	Strain
1 length=4785087 depth=1.00x circular=true	1	4785087	0.5065111668816052	5653e57c5167e754baed9eb3ae7dbf62	-	-	-	-	-	-	-	-	non-mobilizable	CP022824	0.191731	Klebsiella quasivariicola	AA275	AI076	-	-	-	-	-	-	-	EC01
2 length=90897 depth=0.60x circular=true	1	90897	0.5259799553340594	a902ee15f2567951c6e18b8e11947bb7	IncI-gamma/K1	KT754167	MOBP	NC_013728_00087	MPF_I	NC_011754_00087,NC_014843_00047,NC_007365_00035,NC_011754_00109,NC_014843_00041,NC_022371_00084,NC_012487_00131,NC_022992_00098,NC_014843_00033	MOBP	CP018984	conjugative	LT985270	0.000215742	Escherichia coli	AA282	AI115	order	Enterobacterales	family	Enterobacteriaceae	order	Enterobacterales	23333216; 30761100; 25987637; 21470454; 29899511; 20851899	EC01
3 length=87811 depth=0.59x circular=true	1	87811	0.5012242202002027	c0b30ee17886222cc857c90608756d53	IncI-gamma/K1	KJ484639	MOBP	NC_019097	MPF_I	NC_019097_00056,NC_022267_00057,NC_019111_00038,NC_023290_00086,NC_015965_00072,NC_019097_00075,NC_022267_00069,NZ_CM001473_00069,NC_019097_00085	MOBP	HM021326	conjugative	KU932029	0.000167546	Escherichia coli	AA474	AI602	order	Enterobacterales	family	Enterobacteriaceae	order	Enterobacterales	23333216; 30761100; 25987637; 21470454; 29899511; 20851899	EC01
4 length=5569 depth=2.55x circular=true	1	5569	0.46848626324295206	ce663541a6442065ef805b30250014de	rep_cluster_2350	CP041342_00001	MOBP	NC_019076_00002	-	-	MOBP	MF083142	mobilizable	CP035351	0.00243596	Escherichia coli	AB443	AK226	multi-phylla	Actinomycetota,Bacillota,Bacteroidota,Pseudomonadota	multi-phylla	Actinomycetota,Bacillota,Bacteroidota,Pseudomonadota	genus	Escherichia	6263753; 17122402; 26802429	EC01
contig_1_circular	1	4920336	0.5076464290243593	60c0886b8c3e23d66ee3e831806b929f	-	-	-	-	-	-	-	-	non-mobilizable	CP012733	0.203604	Shigella flexneri 1a	AE322	AO085	-	-	-	-	-	-	-	EC02
contig_3	1	129876	0.49102990544827374	97c9172c1d3e5fa590a868d57f9e4f6d	IncFIB,IncFIC,rep_cluster_2244	000095__NZ_CP014273_00094,AP001918,CP033091_00053	MOBF,MOBP	NC_017627_00068,NC_021819_00066	MPF_F	NC_022651_00077,NC_010409_00124,NC_019094_00090,NC_017639_00094,NC_007675_00027,NC_017639_00100,NC_018966_00040,NC_010488_00021,NC_014615_00033,NC_009837_00049,NC_013437_00116,08-5333_00200	MOBF	CP000430	conjugative	CP021087	0.00451781	Escherichia coli	AA176	AH858	order	Enterobacterales	order	Enterobacterales	order	Enterobacterales	11254626; 30761100; 19482926; 28842132; 15781495; 20851899; 16257053	EC02
contig_2	1	108566	0.5090451891015604	80eb7e1ea7dec8da72973aa4f5be0301	IncI-gamma/K1	CP001118	MOBP	NC_019097	MPF_I	NC_019097_00085,NZ_CM001473_00069,NC_022267_00069,NC_019097_00075,NC_015965_00072,NC_023290_00086,NC_019111_00038,NC_022267_00057,NC_019097_00056	MOBP	HM021326	conjugative	MK181557	0.000312573	Escherichia coli	AA474	AI597	order	Enterobacterales	family	Enterobacteriaceae	order	Enterobacterales	23333216; 30761100; 25987637; 21470454; 29899511; 20851899	EC02
contig_4	1	94675	0.47986268814364935	4f477870042e848d6a191bd2dd4b80d1	IncY	000230__CP009168_00001	-	-	-	-	-	-	non-mobilizable	CP009051	0.015347	Escherichia coli NCCP15648	AA378	AI394	family	Enterobacteriaceae	family	Enterobacteriaceae	genus	Escherichia	28031198	EC02
contig_5	1	6268	0.46553924696873006	26352faf8cc6a2543cfc534012b66ba2	rep_cluster_2350	CP041342_00001	MOBP,MOBP	NC_019076_00002,NC_017321_00002	-	-	MOBP	KY014464	mobilizable	CP035351	0.0100207	Escherichia coli	AB443	AK226	multi-phylla	Actinomycetota,Bacillota,Bacteroidota,Pseudomonadota	multi-phylla	Actinomycetota,Bacillota,Bacteroidota,Pseudomonadota	genus	Escherichia	6263753; 17122402; 26802429	EC02
1 length=4991618 depth=1.00x circular=true	1	4991618	0.5077662192900178	6a72d24c18e647a0db7be5e5378354b1	-	-	MOBP	NC_021819_00066	-	-	-	-	mobilizable	CP019161	0.210897	Klebsiella pneumoniae	AA397	AI419	order	Enterobacterales	order	Enterobacterales	-	-	-	EC03
2 length=122723 depth=0.88x circular=true	1	122723	0.5079732405498562	f6f242a02051570e8177c35cd40e1a67	IncFIA,IncFIB,IncFIC,rep_cluster_2131	000136__AP014877_00014,000096__NC_019117_00097,CP003035,CP030770_00142	MOBF,MOBP	NC_017627_00068,NC_021819_00066	MPF_F	NC_009837_00049,NC_019094_00068,NC_018966_00040,NC_017639_00100,NC_007675_00027,NC_017630_00031,NC_019094_00090,NC_010409_00124,NC_019037_00043,NC_022651_00077,NC_013437_00116,08-5333_00200	MOBF	NC_010600	conjugative	CU928148	0.00288374	Escherichia coli UMN026	AA337	AI278	order	Enterobacterales	order	Enterobacterales	order	Enterobacterales	10773089; 11254626; 25389419; 19482926; 19897651; 28842132; 15781495; 24247128; 20851899; 22511964; 16257053	EC03
3 length=92583 depth=0.90x circular=true	1	92583	0.5276886685460613	99bcfb9c8828d15614e2052f68350b5f	IncI-gamma/K1	KT754167	MOBP	NC_013728_00087	MPF_I	NC_011754_00087,NC_014843_00047,NC_007365_00035,NC_011754_00109,NC_014843_00041,NC_022371_00084,NC_012487_00131,NC_022992_00098,NC_014843_00033	MOBP	CP018984	conjugative	LT985270	0.00103256	Escherichia coli	AA282	AI115	order	Enterobacterales	family	Enterobacteriaceae	order	Enterobacterales	23333216; 30761100; 25987637; 21470454; 29899511; 20851899	EC03
4 length=65206 depth=1.22x circular=true	1	65206	0.5059963807011625	a81959c5e2eddbdafbf1a30a1fbfa067	IncFIA,IncFIC	000136__AP014877_00014,CR942285	MOBF	NC_017627_00068	MPF_F	NC_022651_00077,NC_010409_00124,NC_019094_00090,NC_017639_00094,NC_007675_00027,NC_017639_00100,NC_018966_00040,NC_010488_00021,NC_009837_00049,NC_013437_00116,08-5333_00200	MOBF	CP000430	conjugative	LT838203	0.0188675	Escherichia coli	AA316	AI192	order	Enterobacterales	order	Enterobacterales	order	Enterobacterales	10773089; 25389419; 19897651; 28842132; 24247128; 20851899; 22511964	EC03
5 length=32025 depth=1.63x circular=true	1	32025	0.4187665886026542	dac316807848e4e4affe4ecea7295afa	-	-	-	-	-	-	-	-	non-mobilizable	CP045281	0.00726808	Escherichia coli	AE615	AO434	genus	Escherichia	genus	Escherichia	-	-	-	EC03
1 length=4914536 depth=1.00x circular=true	1	4914536	0.5079110215084395	fb529c0768f6362879107d1528182551	-	-	-	-	-	-	-	-	non-mobilizable	MK439959	0.178173	Escherichia coli	AA860	AJ265	-	-	-	-	-	-	-	EC04
2 length=149206 depth=0.84x circular=true	1	149206	0.5187056820771283	0effd543edce115e5bbe8ad70ebcf7fe	IncFIA,IncFIA,IncFIB,IncFII,rep_cluster_2131	000136__AP014877_00014,AF250878,000096__NC_019117_00097,AJ851089,CP030770_00142	MOBF,MOBF,MOBP	NC_017627_00068,CP008715_00128,NC_021819_00066	MPF_F	NC_008460_00107,NC_010719_00097,NC_019094_00068,NC_008460_00097,NC_017639_00100,NC_007675_00027,NC_017639_00094,NC_019094_00090,NC_010409_00124,NC_019037_00043,NC_022651_00077,NC_013437_00116,08-5333_00200	MOBF	NZ_CM001473	conjugative	CP035478	0.000780658	Escherichia coli	AA171	AH824	order	Enterobacterales	order	Enterobacterales	order	Enterobacterales	10773089; 11254626; 25389419; 19482926; 19897651; 15781495; 24247128; 20851899; 22511964; 16257053	EC04
3 length=74480 depth=0.58x circular=true	1	74480	0.5221670247046187	a8421d54f036e09fdbed087784c701fd	IncFIA,IncFII	MK878891_00042,LS992172_00069	MOBF	NC_017627_00068	MPF_F	NC_022651_00077,NC_010409_00124,NC_019094_00090,NC_017639_00094,NC_007675_00027,NC_017639_00100,NC_018966_00040,NC_019094_00068,NC_009837_00049,NC_010719_00096,NC_013437_00116,08-5333_00200	MOBF	KX579977	conjugative	NC_013542	0.00279888	Klebsiella pneumoniae	AA336	AI268	order	Enterobacterales	order	Enterobacterales	order	Enterobacterales	10773089; 25389419; 19897651; 24247128; 20851899; 22511964	EC04
4 length=5167 depth=3.28x circular=true	1	5167	0.475130636733114	bf19b279318f55dcf788a930ce73a20e	Col156	CP001126_00001	MOBQ	NC_019783_00003	-	-	-	-	mobilizable	CP032876	0.0	Escherichia coli	AA977	AJ479	family	Enterobacteriaceae	family	Enterobacteriaceae	genus	Escherichia	25389419	EC04
5 length=1506 depth=4.48x circular=true	1	1506	0.50199203187251	43bb8b543686f266e6ad5fcf67fa89de	Col(MG828)	NC_008486	-	-	-	-	-	-	non-mobilizable	CP023506	0.000680979	Morganella morganii	AB687	AK566	order	Enterobacterales	order	Enterobacterales	genus	Escherichia	30761100	EC04
1 length=4765276 depth=1.00x circular=true	1	4765276	0.5066399092098758	c1e3ecfd0c03730282335bdf65f11333	-	-	-	-	-	-	-	-	non-mobilizable	CP026578	0.219531	Escherichia coli	AA887	AJ325	-	-	-	-	-	-	-	EC05
2 length=183717 depth=0.87x circular=true	1	183717	0.5013907259535045	ba70c0e94c5665b8998a436e0db34ff7	IncFIB,IncFIC,rep_cluster_2244,rep_cluster_2313	000095__NZ_CP014273_00094,AP001918,CP033091_00053,CP025980_00001	MOBF,MOBP	NC_017627_00068,NC_021819_00066	MPF_F	NC_009837_00049,NC_010488_00021,NC_018966_00040,NC_017639_00100,NC_007675_00027,NC_017639_00094,NC_019094_00090,NC_010409_00124,NC_019037_00043,NC_022651_00077,NC_013437_00116,08-5333_00200	MOBF	CP015086	conjugative	MG825372	0.00399629	Escherichia coli	AA178	AH863	order	Enterobacterales	order	Enterobacterales	order	Enterobacterales	11254626; 30761100; 19482926; 28842132; 15781495; 20851899; 16257053	EC05
3 length=88259 depth=0.76x circular=true	1	88259	0.5266658357787875	b929f6841de14ab17416f9a39177364e	IncK2/Z	KR905388	MOBP	NC_013728_00087	MPF_I	NC_011754_00087,NC_014843_00047,NC_007365_00035,NC_011754_00109,NC_007365_00033,NC_022371_00084,NC_012487_00131,NC_022992_00098,NC_022992_00102	MOBP	AB290882	conjugative	CP032880	0.0177716	Escherichia coli	AA281	AI108	family	Enterobacteriaceae	family	Enterobacteriaceae	genus	Escherichia	30761100	EC05
4 length=6888 depth=2.51x circular=true	1	6888	0.485917537746806	4c0e993037d8ae9e08a20e1b95e48d8d	rep_cluster_2350	CP035723_00002	MOBP	NC_019076_00002	-	-	MOBP	NC_017721	mobilizable	CP014198	0.00197282	Escherichia coli	AC510	AL726	multi-phylla	Actinomycetota,Bacillota,Bacteroidota,Pseudomonadota	multi-phylla	Actinomycetota,Bacillota,Bacteroidota,Pseudomonadota	genus	Escherichia	6263753; 17122402; 26802429	EC05
5 length=2312 depth=5.65x circular=true	1	2312	0.4108996539792388	b13e75bed03ab5349f50adab3f3eb3e9	-	-	-	-	-	-	-	-	non-mobilizable	CP005932	0.00243596	Escherichia coli APEC IMT5155	AB690	AK570	genus	Escherichia	genus	Escherichia	-	-	-	EC05
6 length=1506 depth=8.24x circular=true	1	1506	0.50132802124834	e1fd7887220a8c6d016f4949881434e6	Col(MG828)	NC_008486	-	-	-	-	-	-	non-mobilizable	CP023506	0.00131423	Morganella morganii	AB687	AK566	order	Enterobacterales	order	Enterobacterales	genus	Escherichia	30761100	EC05
1	1	4727064	0.5067568368018711	8cf188bca81f8eb262a78d6500dd4ad3	-	-	-	-	-	-	-	-	non-mobilizable	CP038140	0.191731	Escherichia coli	AA811	AJ175	-	-	-	-	-	-	-	EC06
NODE_2+_length_112430_cov_0.997587	1	112430	0.5099884372498443	b1fefc98bbc9f4b4769798ef912e609a	IncI-gamma/K1	CP001118	MOBP	NC_019097	MPF_I	NC_019097_00056,NC_022267_00057,NC_019111_00038,NC_023290_00086,NC_015965_00072,NC_019097_00075,NC_022267_00069,NZ_CM001473_00069,NC_019097_00085	MOBP	HM021326	conjugative	LT985235	0.000361208	Escherichia coli	AA474	AI597	order	Enterobacterales	family	Enterobacteriaceae	order	Enterobacterales	23333216; 30761100; 25987637; 21470454; 29899511; 20851899	EC06
NODE_4+_length_35362_cov_2.01572	1	35362	0.49179910638538543	663c4610dac1c9032232b925e22a7234	rep_cluster_1760	001178__CP006640_00046	MOBF	NC_020122_00018	MPF_T	NC_020122_00006,NC_020122_00009,NC_020122_00011,NC_020122_00012,NC_020122_00019	-	-	conjugative	CP025915	0.00436283	Escherichia coli	AD158	AM603	order	Enterobacterales	order	Enterobacterales	genus	Escherichia	-	EC06
NODE_5+_length_8828_cov_3.61635	1	8828	0.49490258269143633	8ee40abcf3e6b8ffdd2c08119d002bf0	rep_cluster_2370	EU580135_00003	-	-	-	-	-	-	non-mobilizable	CP019278	0.0307758	Escherichia coli	AE540	AO344	order	Enterobacterales	order	Enterobacterales	-	-	-	EC06
1 length=4806412 depth=1.00x circular=true	1	4806412	0.5075141290426206	520af1a4f15b0e16cd3e80b617846a41	-	-	-	-	-	-	-	-	non-mobilizable	CP012732	0.210897	Shigella flexneri 1a	AD446	AN005	-	-	-	-	-	-	-	EC07
2 length=120953 depth=0.68x circular=true	1	120953	0.5012773556670773	d66be443d937dcbb14f31c0bc010ea37	IncFIB,rep_cluster_2244	000095__NZ_CP014273_00094,CP033091_00053	MOBF	NC_017627_00068	MPF_F	NC_019094_00090,NC_017639_00094,NC_007675_00027,NC_017639_00100,NC_018966_00040,NC_010488_00021,NC_009837_00049,NC_010409_00124,NC_019037_00043,NC_022651_00077,NC_013437_00116,08-5333_00200	MOBF	KT325596	conjugative	CP019007	0.0102718	Escherichia coli	AA175	AH851	order	Enterobacterales	order	Enterobacterales	order	Enterobacterales	11254626; 30761100; 19482926; 15781495; 20851899; 16257053	EC07
3 length=103222 depth=0.61x circular=true	1	103222	0.49870182712987543	b9b50e7f46ed06ce792ed218d76b8ca5	IncI-gamma/K1	MF344576	MOBP	NC_019097	MPF_I	NC_019097_00056,NC_022267_00057,NC_011419_00085,NC_023290_00086,NC_015965_00072,NC_019097_00075,NC_022267_00069,NZ_CM001473_00069,NC_019097_00085	MOBP	JN253636	conjugative	MN241905	0.00268639	Salmonella enterica subsp. enterica serovar Typhimurium	AA473	AI592	order	Enterobacterales	family	Enterobacteriaceae	order	Enterobacterales	23333216; 30761100; 25987637; 21470454; 29899511; 20851899	EC07
4 length=6293 depth=2.38x circular=true	1	6293	0.4381058318766884	8e76318a5949f48af88ed85f0e5ac202	rep_cluster_2350	CP041342_00001	MOBP	NC_019076_00002	-	-	MOBP	MF083142	mobilizable	NC_019982	0.000631368	Escherichia coli	AA158	AH801	multi-phylla	Actinomycetota,Bacillota,Bacteroidota,Pseudomonadota	multi-phylla	Actinomycetota,Bacillota,Bacteroidota,Pseudomonadota	genus	Escherichia	6263753; 17122402; 26802429	EC07
1 length=5032061 depth=1.00x circular=true	1	5032061	0.5079209095438231	380074e37fe470f81ac7daa26e861b67	-	-	MOBP	NC_021819_00066	-	-	-	-	mobilizable	MK439959	0.191731	Escherichia coli	AA860	AJ265	order	Enterobacterales	order	Enterobacterales	-	-	-	EC08
2 length=128814 depth=0.97x circular=true	1	128814	0.5092381262906206	2b6cdf5fb2b0172fe85e13101858f671	IncFIA,IncFIB,IncFIC,rep_cluster_2131	000136__AP014877_00014,000096__NC_019117_00097,CP003035,CP030770_00142	MOBF,MOBP	NC_017627_00068,NC_021819_00066	MPF_F	NC_009837_00049,NC_019094_00068,NC_018966_00040,NC_017639_00100,NC_007675_00027,NC_017630_00031,NC_019094_00090,NC_010409_00124,NC_019037_00043,NC_022651_00077,NC_017627_00069,NC_013437_00116	MOBF	NC_010600	conjugative	CU928148	0.00322742	Escherichia coli UMN026	AA337	AI278	order	Enterobacterales	order	Enterobacterales	order	Enterobacterales	10773089; 11254626; 25389419; 19482926; 19897651; 28842132; 15781495; 24247128; 20851899; 22511964; 16257053	EC08
3 length=111743 depth=0.80x circular=true	1	111743	0.46128169102315136	5fb8ada2ae6a68f0e9a00c0da25e8728	rep_cluster_488	001852__AP017612_00001	-	-	-	-	-	-	non-mobilizable	NC_023916	2.38274e-05	Escherichia coli H89	AA747	AJ079	family	Enterobacteriaceae	family	Enterobacteriaceae	-	-	-	EC08
contig_1_circular	1	4855590	0.5082881791914062	88bc97373a0e87f440658cc4b023d49d	rep_cluster_2132	CP022659_00009	-	-	-	-	-	-	non-mobilizable	CP016838	0.210897	Salmonella enterica subsp. enterica serovar Senftenberg	AA738	AJ046	genus	Salmonella	genus	Salmonella	-	-	-	EC09
contig_2	1	126155	0.5449011137093258	2f0a8d4e80731a368808c797f4062722	IncFIA,IncFIB,IncFIC	CP022610_00144,000107__CP014778_00094,AY458016	-	-	-	-	-	-	non-mobilizable	CP026404	0.0288636	Escherichia coli	AA057	AH654	order	Enterobacterales	order	Enterobacterales	order	Enterobacterales	10773089; 11254626; 25389419; 19482926; 19897651; 28842132; 15781495; 24247128; 20851899; 22511964; 16257053	EC09
contig_3	1	43704	0.46023247300018305	d1812014cf2f8e04cdc698a67ecb95f3	IncX3	000221__NC_025130_00012	MOBP	NC_020552_00059	MPF_T	NC_017624_00009,NC_019083_00030,NC_019157_00030,NC_019157_00029,NC_023277_00163	-	-	conjugative	CP031373	0.000557238	Klebsiella pneumoniae	AA038	AH615	order	Enterobacterales	order	Enterobacterales	family	Enterobacteriaceae	26842776; 22470007	EC09
contig_4	1	5406	0.42730299667036625	94f168b2095c296bd6cae468d53b8528	ColRNAI_rep_cluster_1987,ColRNAI_rep_cluster_1987	CP024554_00008,000019__CP000651_00005	-	-	-	-	-	-	non-mobilizable	CP030184	0.142009	Salmonella enterica	AB038	AJ573	multi-phylla	Actinomycetota,Pseudomonadota	multi-phylla	Actinomycetota,Pseudomonadota	-	-	-	EC09
contig_5	1	4416	0.3632246376811594	293a4b622869a433a760baa01d368475	-	-	-	-	-	-	-	-	non-mobilizable	CP009634	0.263022	Bacillus cereus 03BB108	AC228	AL329	-	-	-	-	-	-	-	EC09
contig_6	1	4318	0.4993052339045855	de3a1ef8681146e21f7ff43efe729aa8	ColRNAI_rep_cluster_1987	CP041116_00002	MOBP,MOBP	CP043517_00004,CP011605_00002	-	-	MOB_unknown	CP016722	mobilizable	CP030001	0.0786628	Salmonella enterica subsp. enterica serovar Brandenburg	AA538	AI722	multi-phylla	Actinomycetota,Pseudomonadota	multi-phylla	Actinomycetota,Pseudomonadota	-	-	-	EC09
contig_7	1	3708	0.5555555555555556	22e8b0e7cacb8db7df529a87d765949e	rep_cluster_2335	KU302809_00001	MOBP,MOBP,MOBP	NC_011404_00002,NC_001848_00006,LT985292_00003	-	-	MOBP	CP008720	mobilizable	KM373703	0.0282247	Citrobacter sp. 36-4CPA	AA515	AI681	multi-phylla	Actinomycetota,Bacillota,Pseudomonadota	multi-phylla	Actinomycetota,Bacillota,Pseudomonadota	order	Enterobacterales	20008783	EC09
contig_8	1	3223	0.5634502016754577	1cf1a287cc4bceb708efa776798329ca	ColRNAI_rep_cluster_1987	CP041116_00002	MOBP	CP011605_00002	-	-	MOB_unknown	CP016722	mobilizable	CP016867	0.000215742	Salmonella enterica subsp. enterica serovar Typhimurium str. CDC 2010K-1587	AA531	AI714	multi-phylla	Actinomycetota,Pseudomonadota	multi-phylla	Actinomycetota,Pseudomonadota	-	-	-	EC09
contig_9	1	2908	0.3098349381017882	77806497fd97987fdf19c13a968223a8	-	-	MOBV	NC_019295_00001	-	-	-	-	mobilizable	FN429030	0.0267335	Rahnella inusitata	AG530	AQ575	genus	Rahnella	genus	Rahnella	-	-	-	EC09
NODE_1_length_5105783_cov_0.998618	1	5105783	0.5070683575858982	5f4617d90b4c1f9f6627b5fea666acd3	-	-	MOBP	NC_021819_00066	-	-	-	-	mobilizable	CP019161	0.210897	Klebsiella pneumoniae	AA397	AI419	order	Enterobacterales	order	Enterobacterales	-	-	-	EC10
NODE_3+_length_76697_cov_1.86314	1	76697	0.5300859225263048	d36b31440b602e5c54121730b4a49eb3	IncFIA,IncFIC	MK878891_00042,AY458016	MOBF	NC_017627_00068	MPF_F	NC_022651_00077,NC_010409_00124,NC_019094_00090,NC_017639_00094,NC_007675_00027,NC_017639_00100,NC_018966_00040,NC_019094_00068,NC_008460_00107,NC_013437_00116,NC_019072_00073	MOBP	AP014804	conjugative	FJ449539	0.0101878	Escherichia coli	AA336	AI270	order	Enterobacterales	order	Enterobacterales	order	Enterobacterales	10773089; 25389419; 19897651; 28842132; 24247128; 20851899; 22511964	EC10
NODE_4+_length_34231_cov_1.20187	1	34231	0.3978849580789343	a0a09702f61f2b5da2166aeaa074a45f	rep_cluster_991	002471__CP001165_00001	MOBP	NC_011351_00034	MPF_T	NC_011351_00017,NC_011351_00014,NC_011351_00013,NC_011351_00011,NC_011351_00005	-	-	conjugative	CP027450	0.00167981	Escherichia coli	AB745	AK651	family	Enterobacteriaceae	family	Enterobacteriaceae	-	-	-	EC10
NODE_5+_length_6673_cov_7.48875	1	6673	0.5035216544282931	7af6c549ce9e86b7e0f393f5c931cd75	rep_cluster_2401	CP039864_00003	MOBP,MOBP	NC_023328_00003,NZ_AWFJ01000135_00009	-	-	MOBP	NZ_CP012039	mobilizable	CP028119	0.00328537	Escherichia coli O111 str. RM9322	AA161	AH808	family	Enterobacteriaceae	family	Enterobacteriaceae	-	-	-	EC10
NODE_6+_length_4081_cov_6.85642	1	4081	0.4979171771624602	ed4a85b9a6b91c33337140f1368ba46c	rep_cluster_1778	001202__CP011432_00001	MOBQ	NC_011411_00002	-	-	MOBQ,MOBQ	NC_010523,NC_009791	mobilizable	CP012629	0.000336872	Escherichia coli	AA579	AI797	family	Enterobacteriaceae	family	Enterobacteriaceae	-	-	-	EC10
NODE_1+_length_5132816_cov_1	1	5132816	0.5044694764043753	b1a087acb76444f2b87c5eb3085b8988	-	-	MOBP	NC_021819_00066	-	-	-	-	mobilizable	CP041564	0.197292	Escherichia coli	AA324	AI217	order	Enterobacterales	order	Enterobacterales	-	-	-	EC11
NODE_19+_length_106442_cov_13	1	106442	0.49043610604836435	8e7206b6ad3e713343f85ac331e62018	IncY	000230__CP009168_00001	-	-	-	-	-	-	non-mobilizable	CP023961	0.0216393	Escherichia coli	AA378	AI383	family	Enterobacteriaceae	family	Enterobacteriaceae	genus	Escherichia	28031198	EC11
NODE_3+_length_47289_cov_1.70993	1	47289	0.44589650870181224	b524b858b02519b99d1d81e251a90859	-	-	-	-	-	-	-	-	non-mobilizable	AP018573	0.00594242	Escherichia coli	AC621	AL885	genus	Escherichia	genus	Escherichia	-	-	-	EC11
NODE_4+_length_10723_cov_4.6779	1	10723	0.5792222325841648	ad893e62c9427dcea57b48dec25cbfbf	-	-	-	-	-	-	-	-	non-mobilizable	CP018442	0.0448759	Klebsiella pneumoniae	AB158	AJ772	family	Enterobacteriaceae	family	Enterobacteriaceae	-	-	-	EC11
NODE_5+_length_6850_cov_12.7435	1	6850	0.4398540145985401	ca0823f399c543d2dbfc0647874a792b	rep_cluster_2335	EF088686_00008	-	-	-	-	MOBP	CP008720	mobilizable	CP001385	0.0034604	Shigella flexneri 2002017	AD168	AM624	multi-phylla	Actinomycetota,Bacillota,Pseudomonadota	multi-phylla	Actinomycetota,Bacillota,Pseudomonadota	order	Enterobacterales	20008783	EC11
NODE_6+_length_6503_cov_24.7223	1	6503	0.48700599723204674	cded7e7b38b8ba28d9bc863e1a4dd171	Col156	CP001126_00001	MOBQ	NC_019783_00003	-	-	-	-	mobilizable	CP035126	0.00574147	Escherichia coli	AA977	AJ479	family	Enterobacteriaceae	family	Enterobacteriaceae	genus	Escherichia	25389419	EC11
NODE_8+_length_4234_cov_22.4664	1	4234	0.5533774208786018	ab8adfbceed33bd37a724e6804014d46	Col156	CP019693_00001	MOBQ	NZ_AWFJ01000122_00007	-	-	MOBQ,MOBQ	DQ318958,CP016748	mobilizable	CP032885	0.000532603	Escherichia coli	AA575	AI789	family	Enterobacteriaceae	family	Enterobacteriaceae	genus	Escherichia	25389419	EC11
NODE_1+_length_5116136_cov_1	1	5116136	0.5077628898059003	4f71a8def5fbc77152f3d70b3cf0cbc1	-	-	MOBP	NC_021819_00066	-	-	-	-	mobilizable	MK439959	0.178173	Escherichia coli	AA860	AJ265	order	Enterobacterales	order	Enterobacterales	-	-	-	EC12
NODE_11_2+_length_123452_cov_1.19969	1	123452	0.5218951495318018	9386c45dcf37f5880723bff37c4c86f5	IncFIA,IncFII	MK878891_00042,KF954760	MOBF	NC_017627_00068	MPF_F	NC_022651_00077,NC_010409_00124,NC_019094_00090,NC_017639_00094,NC_018966_00040,NC_019094_00068,NC_008460_00107,NC_013437_00116,NC_019072_00073	MOBF	KT754162	conjugative	CP013657	0.00393593	Escherichia coli	AA735	AJ036	order	Enterobacterales	order	Enterobacterales	order	Enterobacterales	10773089; 25389419; 19897651; 24247128; 20851899; 22511964	EC12
NODE_12_3_9+_length_92198_cov_0.542996	1	92198	0.5024512462309377	7a334642a61dbb70a7129d0afcf7a37f	IncI1/B/O	DQ017661	MOBP	NC_019097	MPF_I	NC_019097_00085,NZ_CM001473_00069,NC_022267_00069,NC_019097_00075,NC_015965_00072,NC_023290_00086,NC_019111_00038,NC_022267_00057,NC_019097_00056	MOBP	HM021326	conjugative	CP035469	0.00770681	Escherichia coli	AA474	AI604	order	Enterobacterales	family	Enterobacteriaceae	order	Enterobacterales	23333216; 20956594; 20851899; 30761100	EC12
NODE_4+_length_34603_cov_0.697642	1	34603	0.41869202092304136	7fc6f2036c8fb9ba47e5d0e9a99aba01	IncX4	000222__CP010880_00038	MOBP	NC_013718_00057	MPF_T	NC_013718_00041,NC_013718_00044,NC_013718_00045,NC_021079_00038	-	-	conjugative	CP035754	0.0011856	Escherichia coli E110019	AA619	AI863	family	Enterobacteriaceae	family	Enterobacteriaceae	family	Enterobacteriaceae	26842776; 21911569; 28336940	EC12
NODE_5+_length_16288_cov_4.8401	1	16288	0.5667362475442044	1147420216f43e0971270e87ff191c44	-	-	-	-	-	-	-	-	non-mobilizable	CP014648	0.0352724	Klebsiella pneumoniae	AA941	AJ419	family	Enterobacteriaceae	family	Enterobacteriaceae	-	-	-	EC12
NODE_6+_length_6647_cov_1.99365	1	6647	0.4859335038363171	d7dd400c51b675e299ca52150ff364f0	rep_cluster_2350	CP035723_00002	MOBP	NC_019076_00002	-	-	MOBP	MF083142	mobilizable	CP018943	0.00319852	Escherichia coli	AC509	AL724	multi-phylla	Actinomycetota,Bacillota,Bacteroidota,Pseudomonadota	multi-phylla	Actinomycetota,Bacillota,Bacteroidota,Pseudomonadota	genus	Escherichia	6263753; 17122402; 26802429	EC12
NODE_7+_length_5167_cov_5.42404	1	5167	0.47493710083220436	ac88cf4226592add324ea1f65ed5a713	Col156	CP001126_00001	MOBQ	NC_019783_00003	-	-	-	-	mobilizable	CP032876	0.000167546	Escherichia coli	AA977	AJ479	family	Enterobacteriaceae	family	Enterobacteriaceae	genus	Escherichia	25389419	EC12
NODE_8+_length_4087_cov_4.05808	1	4087	0.4986542696354294	76ffa456c820db8aedbd4a9bf2ddc7d9	rep_cluster_1778	001201__CP010878_00001	MOBQ	NC_011411_00002	-	-	MOBQ,MOBQ	NC_016036,NC_010672	mobilizable	CP010878	0.000264084	Escherichia coli	AA579	AI799	family	Enterobacteriaceae	family	Enterobacteriaceae	-	-	-	EC12
NODE_10+_length_1459_cov_6.32801	1	1459	0.5106237148732008	d0eeaf8055106320382b8395f00afe12	Col(MG828)	NC_008486	-	-	-	-	MOBP	NC_002145	mobilizable	CP023264	0.00363721	Escherichia coli	AB687	AK567	order	Enterobacterales	order	Enterobacterales	genus	Escherichia	30761100	EC12
1 length=4984619 depth=1.00x circular=true	1	4984619	0.5064461295838257	280ab48fc1261341b502be156f364f68	-	-	MOBP	NC_021819_00066	-	-	-	-	mobilizable	CP019161	0.210897	Klebsiella pneumoniae	AA397	AI419	order	Enterobacterales	order	Enterobacterales	-	-	-	EC13
2 length=150227 depth=0.82x circular=true	1	150227	0.5100148442024403	d71dd827dd8c934c51f915dc6bd941d4	IncFIB,IncFIC,rep_cluster_2244,rep_cluster_2313	000095__NZ_CP014273_00094,AP001918,CP033091_00053,CP025980_00001	MOBF	NC_017627_00068	MPF_Unknown	08-5333_00200	-	-	conjugative	CP005931	0.0295179	Escherichia coli APEC IMT5155	AA178	AH863	order	Enterobacterales	order	Enterobacterales	order	Enterobacterales	11254626; 30761100; 19482926; 28842132; 15781495; 20851899; 16257053	EC13
3 length=141814 depth=1.54x circular=true	1	141814	0.5188768386760122	baf65a94ac77b12c56e9987cbe9de5d8	IncFIA,IncFIC,IncX1	MK878891_00042,AY458016,000215__KC853434_00019	MOBF	NC_017627_00068	MPF_F	NC_022651_00077,NC_010409_00124,NC_019094_00090,NC_017639_00094,NC_007675_00027,NC_017639_00100,NC_018966_00040,NC_010488_00021,NC_009837_00049,NC_013437_00116,08-5333_00200	MOBF	KT325596	conjugative	CP017633	0.0292355	Escherichia coli	AA327	AI225	order	Enterobacterales	order	Enterobacterales	order	Enterobacterales	10773089; 21625636; 25389419; 19897651; 28842132; 22470007; 24247128; 20851899; 22511964	EC13
4 length=4051 depth=3.36x circular=true	1	4051	0.43026413231300914	1c2cdbc18bd795d5728c986dc983fd98	rep_cluster_2350	CP041342_00001	MOBF	CP019897	-	-	MOB_unknown	CP010224	mobilizable	CP031925	0.00969064	Escherichia coli O26:H11	AA672	AI950	multi-phylla	Actinomycetota,Bacillota,Bacteroidota,Pseudomonadota	multi-phylla	Actinomycetota,Bacillota,Bacteroidota,Pseudomonadota	genus	Escherichia	6263753; 17122402; 26802429	EC13
contig_1_circular	1	4966439	0.5069110886089611	2116018394be4e198f735a68a50b0560	-	-	MOBP	NC_021819_00066	-	-	-	-	mobilizable	CP010222	0.23011	Escherichia coli	AA350	AI304	order	Enterobacterales	order	Enterobacterales	-	-	-	EC14
contig_2	1	81263	0.4832703690486445	1898ec7d497072ef10b122a66a6bc3fc	IncFIB	000095__NZ_CP014273_00094	-	-	-	-	-	-	non-mobilizable	CP042589	0.0503867	Escherichia coli	AB718	AK607	order	Enterobacterales	order	Enterobacterales	order	Enterobacterales	11254626; 19482926; 15781495; 20851899; 16257053	EC14
contig_3	1	63013	0.5154015838001682	5d438471c41cdeacc5a44249af1169d2	IncFIA,IncFIC	CP022610_00144,CR942285	MOBF	NC_017627_00068	MPF_F	NC_022651_00077,NC_010409_00124,NC_019094_00090,NC_017639_00094,NC_007675_00027,NC_017639_00100,NC_018966_00040,NC_010488_00021,NC_009837_00049,NC_013437_00116,08-5333_00200	MOBP	AP014804	conjugative	CP023369	0.0121679	Escherichia coli	AA336	AI275	order	Enterobacterales	order	Enterobacterales	order	Enterobacterales	10773089; 25389419; 19897651; 28842132; 24247128; 20851899; 22511964	EC14
contig_4	1	5894	0.499660671869698	ee342bfb5e93d1ff99d1195f58b75936	-	-	-	-	-	-	-	-	non-mobilizable	CP030213	0.182269	Salmonella enterica	AB239	AJ941	-	-	-	-	-	-	-	EC14
contig_5	1	1528	0.5019633507853403	bdca1a73623bbe6a59241ef202c09542	Col(MG828)	NC_008486	-	-	-	-	-	-	non-mobilizable	CP023506	0.000981871	Morganella morganii	AB687	AK566	order	Enterobacterales	order	Enterobacterales	genus	Escherichia	30761100	EC14
1 length=5096531 depth=1.00x circular=true	1	5096531	0.5078874238182796	3c7a960da022f1d7310bdedd8ed8150d	-	-	-	-	-	-	-	-	non-mobilizable	MK439959	0.178173	Escherichia coli	AA860	AJ265	-	-	-	-	-	-	-	EC15
2 length=133989 depth=0.68x circular=true	1	133989	0.5146243348334565	2d8dde96b238c12c7845e33760f37393	IncFIA,IncFIA,IncFIB,IncFIC	000136__AP014877_00014,AF250878,000095__NZ_CP014273_00094,AP001918	MOBF	NC_017627_00068	MPF_F	NC_009837_00049,NC_010488_00021,NC_018966_00040,NC_017639_00100,NC_007675_00027,NC_017639_00094,NC_019094_00090,NC_010409_00124,NC_019037_00043,NC_022651_00077,NC_013437_00116,08-5333_00200	MOBF	CP000430	conjugative	LS992193	0.00328537	Escherichia coli	AA324	AI219	order	Enterobacterales	order	Enterobacterales	order	Enterobacterales	10773089; 11254626; 25389419; 19482926; 19897651; 28842132; 15781495; 24247128; 20851899; 22511964; 16257053	EC15
3 length=33826 depth=0.77x circular=true	1	33826	0.41612960444628394	754b7e5343f59fb3bfd2f17ced1e6c5b	IncX4,IncX4	FN543504,000222__CP010880_00038	MOBP	NC_013718_00057	MPF_T	NC_021079_00038,NC_013718_00045,NC_013718_00044,NC_013718_00041	-	-	conjugative	CP035754	0.000434439	Escherichia coli E110019	AA619	AI863	family	Enterobacteriaceae	family	Enterobacteriaceae	family	Enterobacteriaceae	26842776; 21911569; 28336940	EC15
4 length=1546 depth=3.94x circular=true	1	1546	0.5148771021992238	5e292373417df993577081fe15857f12	Col(MG828)	NC_008486	-	-	-	-	MOBP,MOB_unknown	NC_018997,JN985534	mobilizable	CP029106	0.00178577	Escherichia coli	AB685	AK564	order	Enterobacterales	order	Enterobacterales	genus	Escherichia	30761100	EC15
contig_1_circular	1	5204458	0.5049528692517069	ee8b52dc6400eeb514b212e449b78d0c	IncHI1B	000138__CP021336_00001	MOBP	NC_021819_00066	-	-	-	-	mobilizable	MH844525	0.164662	Escherichia coli	AA378	AI386	order	Enterobacterales	order	Enterobacterales	genus	Salmonella	18606786	EC16
contig_2	1	58488	0.4204965121050472	4c0fc999fadbac5e145cf7e021be60c3	IncI2	000147__CP006264_00003	MOBP	MF175187_00027	MPF_T	NC_020270_00058,NC_019039_00051,NC_019039_00052,NC_020270_00063,NC_019039_00065	-	-	conjugative	KU932023	0.0134525	Escherichia coli	AA372	AI346	family	Enterobacteriaceae	family	Enterobacteriaceae	family	Enterobacteriaceae	26842776; 30761100; 25861872	EC16
contig_3	1	53885	0.4896538925489468	3f8669bd81e2337c76bad36319a5b3ea	IncFIA,IncFII	MK878891_00042,LS992172_00069	MOBF	NC_017627_00068	MPF_F	NC_022651_00077,NC_010409_00124,NC_019094_00090,NC_017639_00094,NC_007675_00027,NC_017639_00100,NC_017054_00096,NC_018966_00040,NC_019094_00068,NC_008460_00107,NC_013437_00116,08-5333_00200	MOBF	NC_017858	conjugative	CP018958	0.0184965	Escherichia coli	AA332	AI246	order	Enterobacterales	order	Enterobacterales	order	Enterobacterales	10773089; 25389419; 19897651; 24247128; 20851899; 22511964	EC16
contig_4	1	36862	0.6161087298573056	c46776ac61e54ac20b4b67a26cf65b8b	rep_cluster_435	001776__CP020602_00001	MOBP	AP018710_00011	-	-	-	-	mobilizable	CP014764	0.000855821	Klebsiella pneumoniae	AC741	AM065	class	Gammaproteobacteria	class	Gammaproteobacteria	-	-	-	EC16
contig_5	1	5165	0.4743465634075508	6b6c64a8ea29b6c8745f00a2ee7fd245	rep_cluster_2131	CP010218_00004	MOBQ	NC_019783_00003	-	-	-	-	mobilizable	CP040268	0.00157453	Escherichia coli	AA977	AJ479	family	Enterobacteriaceae	family	Enterobacteriaceae	genus	Escherichia	25389419	EC16
contig_6	1	3885	0.5168597168597169	ee83b083fd65a02296bb89dfd46cda4e	Col156	CP001126_00001	MOBQ	CP032882_00002	-	-	-	-	mobilizable	CP034827	0.0221335	Salmonella sp. SSDFZ54	AG590	AQ638	family	Enterobacteriaceae	family	Enterobacteriaceae	genus	Escherichia	25389419	EC16
1 length=5005802 depth=1.00x circular=true	1	5005802	0.5072703634702291	e2465e2015109692b3cb432d98860476	-	-	-	-	-	-	-	-	non-mobilizable	CP019161	0.203604	Klebsiella pneumoniae	AA397	AI419	-	-	-	-	-	-	-	EC17
2 length=106992 depth=0.98x circular=true	1	106992	0.5080379841483476	405be5b4b3c88b099e2b18d16ef7eb41	IncFIA,IncFIA,IncFIB,IncFII,rep_cluster_2131	000136__AP014877_00014,AF250878,000096__NC_019117_00097,AJ851089,CP030770_00142	MOBF,MOBP	NC_017627_00068,NC_021819_00066	MPF_F	NC_008460_00107,NC_010719_00097,NC_022651_00077,08-5333_00200	MOBF	NZ_CM001473	conjugative	CP021871	0.00486359	Escherichia coli	AA171	AH824	order	Enterobacterales	order	Enterobacterales	order	Enterobacterales	10773089; 11254626; 25389419; 19482926; 19897651; 15781495; 24247128; 20851899; 22511964; 16257053	EC17
3 length=5167 depth=6.46x circular=true	1	5167	0.475130636733114	bf19b279318f55dcf788a930ce73a20e	Col156	CP001126_00001	MOBQ	NC_019783_00003	-	-	-	-	mobilizable	CP032876	0.0	Escherichia coli	AA977	AJ479	family	Enterobacteriaceae	family	Enterobacteriaceae	genus	Escherichia	25389419	EC17
4 length=1549 depth=5.29x circular=true	1	1549	0.5100064557779213	c6acd46a79aac47c1c9f7b11e402de20	Col(MG828)	NC_008486	-	-	-	-	MOBP,MOB_unknown	CP001386,GQ900404	mobilizable	CP015143	0.000656154	Escherichia coli	AB685	AK562	order	Enterobacterales	order	Enterobacterales	genus	Escherichia	30761100	EC17
contig_1	1	4987708	0.5061166371407468	3c7cc489b993c36b68405db968c905d7	-	-	-	-	-	-	-	-	non-mobilizable	CP019161	0.210897	Klebsiella pneumoniae	AA397	AI419	-	-	-	-	-	-	-	EC18
contig_8	1	86200	0.4965893271461717	b3f8ef05c93f8255d9f1c4e8c0cb4188	IncI1/B/O	KX246268	MOBP	NC_019097	MPF_I	NC_019097_00085,NZ_CM001473_00069,NC_022267_00069,NC_019097_00075,NC_015965_00072,NC_023290_00086,NC_019111_00038,NC_022267_00057,NC_019097_00056	MOBP	HM021326	conjugative	KX246268	7.15897e-05	Escherichia coli	AA474	AI621	order	Enterobacterales	family	Enterobacteriaceae	order	Enterobacterales	23333216; 20956594; 20851899; 30761100	EC18
contig_2	1	83094	0.5047777216164825	26889d9184acd237e8207b5c3586fdc2	IncFIB,IncFII,rep_cluster_2131	000095__NZ_CP014273_00094,KF954760,CP030770_00142	MOBP	NC_021819_00066	-	-	-	-	mobilizable	CP030112	0.00274254	Escherichia coli	AA352	AI306	order	Enterobacterales	order	Enterobacterales	order	Enterobacterales	11254626; 25389419; 19482926; 15781495; 20851899; 16257053	EC18
contig_3	1	6646	0.48420102317183267	fd33c80bccae71867eeb181fd0e972dc	rep_cluster_2350	CP035723_00002	MOBP,MOBP	NC_019076_00002,NC_020251_00005	-	-	MOBP	MF083142	mobilizable	CP018943	0.00574147	Escherichia coli	AC509	AL724	multi-phylla	Actinomycetota,Bacillota,Bacteroidota,Pseudomonadota	multi-phylla	Actinomycetota,Bacillota,Bacteroidota,Pseudomonadota	genus	Escherichia	6263753; 17122402; 26802429	EC18
contig_4	1	5631	0.47380571834487656	2946714a5af95a7d654cb8785ff31bee	rep_cluster_2401	CP039864_00003	MOBP	NC_022662_00003	-	-	MOBP	NC_019078	mobilizable	NC_022662	7.15897e-05	Escherichia coli JJ1886	AA147	AH786	family	Enterobacteriaceae	family	Enterobacteriaceae	-	-	-	EC18
contig_5	1	5165	0.474540174249758	b364c73fbe0055bfa943be7e65c3d8ad	rep_cluster_2131	CP010218_00004	MOBQ	NC_019783_00003	-	-	-	-	mobilizable	CP040268	0.00448671	Escherichia coli	AA977	AJ479	family	Enterobacteriaceae	family	Enterobacteriaceae	genus	Escherichia	25389419	EC18
contig_6	1	4072	0.5147347740667977	4c46f0b2dd59fe9cabc9e5796908830c	rep_cluster_1778	001211__AP017616_00002	MOBQ	NC_011411_00002	-	-	MOBQ,MOBQ	NC_013327,NC_009791	mobilizable	CP036207	0.000167546	Escherichia coli	AA579	AI802	family	Enterobacteriaceae	family	Enterobacteriaceae	-	-	-	EC18
contig_7	1	2113	0.4713677236157123	37ef832ad37b25306a94db3a38ea7d4e	Col(BS512)	NC_010656	-	-	-	-	-	-	non-mobilizable	CP030115	0.000336872	Escherichia coli	AC748	AM073	family	Enterobacteriaceae	family	Enterobacteriaceae	-	-	-	EC18
1 length=4827154 depth=1.00x circular=true	1	4827154	0.5099280031256512	ff9c614dd5ae7d78c7a67218a1986a0a	IncQ1	000195__NC_013728_00014	-	-	-	-	-	-	non-mobilizable	CP012732	0.210897	Shigella flexneri 1a	AD446	AN005	phylum	Pseudomonadota	phylum	Pseudomonadota	phylum	Pseudomonadota	2653965; 25389419; 20851899	EC19
2 length=191904 depth=1.76x circular=true	1	191904	0.4985253043188261	251ab7dc8b1cc099660929e5a39ec29a	IncFIB,IncFIC,rep_cluster_2244,rep_cluster_2313	000095__NZ_CP014273_00094,AP001918,CP033091_00053,CP025980_00001	MOBF,MOBP	NC_017627_00068,NC_021819_00066	MPF_F	NC_009837_00049,NC_010488_00021,NC_018966_00040,NC_017639_00100,NC_007675_00027,NC_017639_00094,NC_019094_00090,NC_010409_00124,NC_019037_00043,NC_022651_00077,NC_013437_00116,08-5333_00200	MOBF	CP015086	conjugative	MG825372	0.00322742	Escherichia coli	AA178	AH863	order	Enterobacterales	order	Enterobacterales	order	Enterobacterales	11254626; 30761100; 19482926; 28842132; 15781495; 20851899; 16257053	EC19
3 length=112588 depth=1.45x circular=true	1	112588	0.457428855650691	ae196433d6516c2940d655d48c4159fa	rep_cluster_488	001852__AP017612_00001	-	-	-	-	-	-	non-mobilizable	NC_023916	0.0180108	Escherichia coli H89	AA747	AJ079	family	Enterobacteriaceae	family	Enterobacteriaceae	-	-	-	EC19
4 length=99508 depth=2.23x circular=true	1	99508	0.5097680588495397	c3086efcb06dc74b6c00b20ee093d2ef	IncI-gamma/K1	CP001118	MOBP	NC_019097	MPF_I	NC_019097_00056,NC_022267_00057,NC_019111_00038,NC_023290_00086,NC_015965_00072,NC_019097_00075,NC_022267_00069,NZ_CM001473_00069,NC_019097_00085	MOBP	HM021326	conjugative	KU932033	0.00221642	Escherichia coli	AA474	AI605	order	Enterobacterales	family	Enterobacteriaceae	order	Enterobacterales	23333216; 30761100; 25987637; 21470454; 29899511; 20851899	EC19
5 length=25670 depth=1.73x circular=true	1	25670	0.416010907674328	fff6330a1c65ddfc3812887b023924a0	IncX1	000216__CP009767_00121	MOBP	NC_019096_00001	MPF_T	NC_010860_00022,NC_019067_00043,NC_013503_00034,NC_023277_00163	-	-	conjugative	CP014974	0.0259767	Salmonella enterica subsp. enterica serovar Typhimurium str. USDA-ARS-USMARC-1898	AB233	AJ914	order	Enterobacterales	order	Enterobacterales	family	Enterobacteriaceae	21625636; 22470007	EC19
6 length=6466 depth=3.01x circular=true	1	6466	0.425765542839468	6747abe12419bea0850b965a2186e296	rep_cluster_2335	KU302809_00001	-	-	-	-	MOBF,MOB_unknown	CP016713,NC_019986	mobilizable	CP030330	0.000239895	Escherichia coli	AD479	AN048	multi-phylla	Actinomycetota,Bacillota,Pseudomonadota	multi-phylla	Actinomycetota,Bacillota,Pseudomonadota	order	Enterobacterales	20008783	EC19
7 length=2096 depth=4.97x circular=true	1	2096	0.5553435114503816	84bbdb77063a01e360347b712837b052	ColpVC	JX133088	-	-	-	-	MOBP	AB027308	mobilizable	NC_021927	0.000830728	Salmonella enterica subsp. enterica serovar Enteritidis	AB241	AJ946	order	Enterobacterales	order	Enterobacterales	-	-	-	EC19
8 length=1552 depth=7.23x circular=true	1	1552	0.5186855670103093	630479f1d7cb09d0ba3ac19bd8392362	Col(MG828)	NC_008486	-	-	-	-	MOB_unknown	CP018359	mobilizable	CP023858	0.00060662	Escherichia coli	AB685	AK563	order	Enterobacterales	order	Enterobacterales	genus	Escherichia	30761100	EC19
contig_1_circular	1	4846589	0.5078167346147981	12af925dd6ce60b1d7c56b92753646bd	-	-	-	-	-	-	-	-	non-mobilizable	MK439959	0.178173	Escherichia coli	AA860	AJ265	-	-	-	-	-	-	-	EC20
contig_3	1	185654	0.5040290001831363	e20fe381c2fe82559f5be418f89469ea	ColRNAI_rep_cluster_1857,IncFIA,IncFIA,IncFIB	000008__AJ627566,CP022610_00144,AF250878,000096__NC_019117_00097	MOBF	NC_017627_00068	MPF_F	NC_022651_00077,NC_010409_00124,NC_019094_00090,NC_017639_00094,NC_007675_00027,NC_017639_00100,NC_019037_00027,NC_019094_00068,NC_009837_00049,NC_008460_00097,NC_019037_00043,NC_013437_00116,08-5333_00200	MOBF,MOBF	NC_017858,NZ_CM001473	conjugative	CP015070	0.0231524	Escherichia coli	AA171	AH826	order	Enterobacterales	order	Enterobacterales	order	Enterobacterales	10773089; 11254626; 24777092; 23800906; 25389419; 19482926; 19897651; 15781495; 24247128; 20851899; 22511964; 16257053	EC20
contig_4	1	176608	0.49940546294618593	21c11d77e244b1443d15f405edc6430d	-	-	-	-	-	-	-	-	non-mobilizable	CP041540	0.142009	Escherichia coli	AE804	AO661	-	-	-	-	-	-	-	EC20
contig_5	1	93775	0.5020527859237537	21aad6838dbc83a8eb8ae4bbcc469faa	IncI1/B/O	EU418926	MOBP	NC_019097	MPF_I	NC_019097_00056,NC_022267_00057,NC_019111_00038,NC_023290_00086,NC_015965_00072,NC_019097_00075,NC_022267_00069,NZ_CM001473_00069,NC_019097_00085	MOBP	HM021326	conjugative	CP041558	0.000508006	Escherichia coli	AA474	AI621	order	Enterobacterales	family	Enterobacteriaceae	order	Enterobacterales	23333216; 20956594; 20851899; 30761100	EC20
contig_6	1	5167	0.475130636733114	bf19b279318f55dcf788a930ce73a20e	Col156	CP001126_00001	MOBQ	NC_019783_00003	-	-	-	-	mobilizable	CP032876	0.0	Escherichia coli	AA977	AJ479	family	Enterobacteriaceae	family	Enterobacteriaceae	genus	Escherichia	25389419	EC20
contig_2	1	2611	0.5407889697433933	a56dbc51f9bde4d50773464da6f2d28f	-	-	-	-	-	-	-	-	non-mobilizable	NC_010064	0.0563082	Escherichia coli	AD092	AM522	order	Enterobacterales	order	Enterobacterales	-	-	-	EC20
contig_7	1	1506	0.50199203187251	43bb8b543686f266e6ad5fcf67fa89de	Col(MG828)	NC_008486	-	-	-	-	-	-	non-mobilizable	CP023506	0.000680979	Morganella morganii	AB687	AK566	order	Enterobacterales	order	Enterobacterales	genus	Escherichia	30761100	EC20
1 length=5075186 depth=1.00x circular=true	1	5075186	0.5073959850929601	d7c5da1ecb84fb123dde6dd902dfb0a0	-	-	MOBP	NC_021819_00066	-	-	-	-	mobilizable	CP019161	0.210897	Klebsiella pneumoniae	AA397	AI419	order	Enterobacterales	order	Enterobacterales	-	-	-	EC21
2 length=125318 depth=1.23x circular=true	1	125318	0.5169808008426563	80d439d30e23adb15fe98a41908b1ede	IncFIA,IncFIB,IncFII,IncFII	000136__AP014877_00014,000095__NZ_CP014273_00094,AJ851089,KF954760	MOBF	NC_017627_00068	MPF_F	NC_008460_00107,NC_010719_00097,08-5333_00200	-	-	conjugative	MF156697	0.00617965	Escherichia coli	AA174	AH841	order	Enterobacterales	order	Enterobacterales	order	Enterobacterales	10773089; 11254626; 25389419; 19482926; 19897651; 15781495; 24247128; 20851899; 22511964; 16257053	EC21
3 length=96064 depth=1.11x circular=true	1	96064	0.4772963857428381	0fa0b65821ce91cbb55ec4421b491fe5	IncHI1B	000138__CP021336_00001	-	-	-	-	-	-	non-mobilizable	CP023961	0.014871	Escherichia coli	AA378	AI383	order	Enterobacterales	order	Enterobacterales	genus	Salmonella	18606786	EC21
1 length=5029108 depth=1.00x circular=true	1	5029108	0.5071805974339784	240b1efb4d21ab83af1b3e3f0d85e422	-	-	MOBP	NC_021819_00066	-	-	-	-	mobilizable	CP019161	0.210897	Klebsiella pneumoniae	AA397	AI419	order	Enterobacterales	order	Enterobacterales	-	-	-	EC22
2 length=155825 depth=1.18x circular=true	1	155825	0.5179464142467511	1b5beb2841acbcccdb83fa85512f65b4	IncFIA,IncFIA,IncFIB,IncFII,rep_cluster_2131	000136__AP014877_00014,AF250878,000096__NC_019117_00097,AJ851089,CP030770_00142	MOBF,MOBP	NC_017627_00068,NC_021819_00066	MPF_F	NC_008460_00107,NC_010719_00097,NC_019094_00068,NC_008460_00097,NC_017639_00100,NC_007675_00027,NC_017639_00094,NC_019094_00090,NC_010409_00124,NC_019037_00043,NC_022651_00077,NC_013437_00116,08-5333_00200	MOBF	NZ_CM001473	conjugative	CP035478	0.000830728	Escherichia coli	AA171	AH824	order	Enterobacterales	order	Enterobacterales	order	Enterobacterales	10773089; 11254626; 25389419; 19482926; 19897651; 15781495; 24247128; 20851899; 22511964; 16257053	EC22
NODE_1+_length_4664359_cov_1	1	4664359	0.5079692622287435	5825aecc5bbe7c01086a61e4b68bc190	-	-	-	-	-	-	-	-	non-mobilizable	CP012732	0.219531	Shigella flexneri 1a	AD446	AN005	-	-	-	-	-	-	-	EC23
NODE_edge_4+_length_171364_cov_15	1	171364	0.5160185336476739	1ac0b3d30fe9935b0982184e5204a83b	IncFIB,IncFII,IncFII,rep_cluster_2131	000095__NZ_CP014273_00094,AJ851089,KF954760,CP030770_00142	MOBF,MOBP	NC_017627_00068,NC_021819_00066	MPF_F	NC_008460_00107,NC_010719_00097,NC_019094_00068,NC_008460_00097,NC_017639_00100,NC_007675_00027,NC_017639_00094,NC_019094_00090,NC_010409_00124,NC_019037_00043,NC_022651_00077,NC_013437_00116,08-5333_00200	MOBF	NZ_CM001473	conjugative	MK797990	0.0157245	Salmonella enterica subsp. enterica serovar Wien	AA171	AH828	order	Enterobacterales	order	Enterobacterales	order	Enterobacterales	11254626; 25389419; 19482926; 15781495; 20851899; 16257053	EC23
NODE_3+_length_114680_cov_0.950573	1	114680	0.5161754447157307	b1e6ec68c715953dbcc3cc235f0e84fe	IncI-gamma/K1	KT186369	MOBP	NC_019097	MPF_I	NC_019097_00056,NC_022267_00057,NC_019111_00038,NC_023290_00086,NC_015965_00072,NC_019097_00075,NC_022267_00069,NZ_CM001473_00069,NC_019097_00085	MOBP	DQ916413	conjugative	LT669764	0.000906124	Escherichia coli	AA474	AI596	order	Enterobacterales	family	Enterobacteriaceae	order	Enterobacterales	23333216; 30761100; 25987637; 21470454; 29899511; 20851899	EC23
NODE_4+_length_97056_cov_0.686725	1	97056	0.48102126607319484	58e20b9219be6ee7bdd5e13c4e65e1e1	IncHI1B	000138__CP021336_00001	-	-	-	-	-	-	non-mobilizable	CP019188	0.0192445	Salmonella enterica subsp. enterica serovar Pomona str. ATCC 10729	AA378	AI389	order	Enterobacterales	order	Enterobacterales	genus	Salmonella	18606786	EC23
NODE_5+_length_32100_cov_1.21588	1	32100	0.41373831775700937	774f501bfdbdd988d8093a2984b96c7c	IncX4	000224__NC_022105_00002	MOBP	NC_013718_00057	MPF_T	NC_013718_00041,NC_013718_00044,NC_013718_00045,NC_021079_00038	-	-	conjugative	CP011293	0.000385581	Salmonella enterica subsp. diarizonae	AA619	AI862	family	Enterobacteriaceae	family	Enterobacteriaceae	family	Enterobacteriaceae	26842776; 21911569; 28336940	EC23
NODE_7+_length_1552_cov_5.44467	1	1552	0.5186855670103093	630479f1d7cb09d0ba3ac19bd8392362	Col(MG828)	NC_008486	-	-	-	-	MOB_unknown	CP018359	mobilizable	CP023858	0.00060662	Escherichia coli	AB685	AK563	order	Enterobacterales	order	Enterobacterales	genus	Escherichia	30761100	EC23
1 length=4792586 depth=1.00x circular=true	1	4792586	0.5083616652888441	d8b9e14499490de95b13705d5dde3e66	-	-	-	-	-	-	-	-	non-mobilizable	CP011314	0.210897	Klebsiella pneumoniae subsp. pneumoniae	AA405	AI447	-	-	-	-	-	-	-	EC24
2 length=94345 depth=0.71x circular=true	1	94345	0.5268535693465473	e555dfb162837de8b1e796e3a2bdc9ca	IncI-gamma/K1	KT754167	MOBP	NC_013728_00087	MPF_I	NC_011754_00087,NC_014843_00047,NC_007365_00035,NC_011754_00109,NC_014843_00041,NC_022371_00084,NC_012487_00131,NC_022992_00098,NC_014843_00033	MOBP	CP018984	conjugative	LT985270	0.000434439	Escherichia coli	AA282	AI115	order	Enterobacterales	family	Enterobacteriaceae	order	Enterobacterales	23333216; 30761100; 25987637; 21470454; 29899511; 20851899	EC24
3 length=8401 depth=2.59x circular=true	1	8401	0.5541007022973455	6fa6e87a7fc0213e85065bc550825e71	rep_cluster_2335	KU302809_00001	-	-	-	-	MOBP	AJ001708	mobilizable	CP000641	0.000143503	Shigella sonnei Ss046	AB595	AK439	multi-phylla	Actinomycetota,Bacillota,Pseudomonadota	multi-phylla	Actinomycetota,Bacillota,Pseudomonadota	order	Enterobacterales	20008783	EC24
1 length=4807038 depth=1.00x circular=true	1	4807038	0.5082038045049779	ffe4c0c26ea3f55ce00fe3ca1d68729d	-	-	-	-	-	-	-	-	non-mobilizable	CP007729	0.203604	Klebsiella pneumoniae subsp. pneumoniae KPNIH10	AA275	AI074	-	-	-	-	-	-	-	EC25
2 length=194023 depth=0.70x circular=true	1	194023	0.49287455610932723	b34f41651fb8290effe9fd408f308b6c	IncFIB,IncFIC,rep_cluster_2244,rep_cluster_2313	000095__NZ_CP014273_00094,AP001918,CP033091_00053,CP025980_00001	MOBF,MOBP	NC_017627_00068,NC_021819_00066	MPF_F	NC_009837_00049,NC_019112_00045,NC_010488_00021,NC_018966_00040,NC_017639_00100,NC_007675_00027,NC_017639_00094,NC_019094_00090,NC_010409_00124,NC_019037_00043,NC_022651_00077,NC_013437_00116,08-5333_00200	MOBF	CP015086	conjugative	CP043952	0.00160079	Escherichia coli	AA178	AH863	order	Enterobacterales	order	Enterobacterales	order	Enterobacterales	11254626; 30761100; 19482926; 28842132; 15781495; 20851899; 16257053	EC25
3 length=127897 depth=0.82x circular=true	1	127897	0.49805703026654263	2687cb38a3c726a736b698baa48d5b3e	IncFIA,IncFIC,IncX1	CP022610_00144,CR942285,000215__KC853434_00019	MOBF,MOBF,MOBP,MOBQ	AP018568_00098,NC_017627_00068,NC_019047_00022,KJ541068_00004	MPF_F	NC_022651_00077,NC_010409_00124,NC_019094_00090,NC_017639_00094,NC_007675_00027,NC_017639_00100,NC_018966_00040,NC_010488_00021,NC_009837_00049,NC_013437_00116,NC_023277_00163,NC_019047_00030,NC_019047_00031,NC_019047_00032,NC_019047_00035,NC_016976_00061,08-5333_00200	MOBF	KT325596	conjugative	CP034592	0.0242917	Escherichia coli	AA327	AI226	order	Enterobacterales	order	Enterobacterales	order	Enterobacterales	10773089; 21625636; 25389419; 19897651; 28842132; 22470007; 24247128; 20851899; 22511964	EC25
4 length=6779 depth=1.47x circular=true	1	6779	0.5202832276146925	756d4ba7fb0b23f93d732f52ec5fb313	rep_cluster_2335	KU302809_00001	-	-	-	-	MOBP	AJ001708	mobilizable	CP023375	0.000167546	Escherichia coli	AB595	AK439	multi-phylla	Actinomycetota,Bacillota,Pseudomonadota	multi-phylla	Actinomycetota,Bacillota,Pseudomonadota	order	Enterobacterales	20008783	EC25
5 length=4170 depth=1.40x circular=true	1	4170	0.45851318944844127	579cb0b39362fa9253c5806719b8566f	ColRNAI_rep_cluster_1987,rep_cluster_2373	CP041116_00002,LT985313_00005	-	-	-	-	MOBF,MOB_unknown	CP000430,NC_019986	mobilizable	CP019255	0.0117564	Escherichia coli	AB075	AJ637	multi-phylla	Actinomycetota,Pseudomonadota	multi-phylla	Actinomycetota,Pseudomonadota	genus	Klebsiella	26169555	EC25
6 length=2459 depth=1.03x circular=true	1	2459	0.4684831232208215	ee981bfb94ecc1981a2a7d3ad6bb94d5	ColRNAI_rep_cluster_1987,rep_cluster_2327	000019__CP000651_00005,AY033516_00007	-	-	-	-	-	-	non-mobilizable	CP034051	0.0608169	Klebsiella pneumoniae	AC531	AL754	multi-phylla	Actinomycetota,Pseudomonadota	multi-phylla	Actinomycetota,Pseudomonadota	-	-	-	EC25
contig_1_circular	1	5295805	0.5755244009173298	ff917992e19962e7da7f593e3fe96a28	-	-	-	-	-	-	-	-	non-mobilizable	CP045018	0.210897	Klebsiella pneumoniae subsp. pneumoniae	AB531	AK351	-	-	-	-	-	-	-	KPN01
contig_2	1	287625	0.5128135593220339	a655d0f4cda250c3e0b455caaea7fd06	IncHI1B	JN420336	MOBH	NC_016980_00239	MPF_F	NC_016980_00240,NC_018107_00101	-	-	conjugative	CP024507	0.0440934	Klebsiella pneumoniae	AA405	AI442	order	Enterobacterales	order	Enterobacterales	genus	Salmonella	18606786	KPN01
contig_3	1	241207	0.5248603896238501	c9bc1c75c171a2c44c77cfb80ccf174a	IncFIB,IncFII	000107__CP014778_00094,000124__KP125893_00142	MOBF,MOBF	NC_021231_00058,CP035180_00077	MPF_F	NC_019155_00032,NC_019165_00034,NC_021654_00016,NC_011281_00082,NC_022609_00081,NC_014312_00128,NC_019389_00068,NC_023332_00154,NC_014312_00118,NC_014312_00116,NC_021502_00150,NC_021502_00131	-	-	conjugative	CP024500	0.00075568	Klebsiella pneumoniae	AA277	AI089	order	Enterobacterales	order	Enterobacterales	order	Enterobacterales	11254626; 19482926; 15781495; 20851899; 16257053	KPN01
contig_4	1	160650	0.5181014628073451	6192a1861f21e6466096ba24a80fdef1	IncFIA,IncFII,rep_cluster_2183	AF250878,000129__CP018340,CP017721_00179	MOBF,MOBF	CP035180_00077,NC_021231_00058	MPF_F	NC_014312_00116,NC_014312_00118,NC_023332_00154,NC_019389_00068,NC_014312_00128,NC_022609_00081,NC_019389_00080,NC_021654_00016,NC_019165_00034,NC_014312_00141,NC_021502_00131,NC_021502_00150	-	-	conjugative	CP012571	0.0321972	Klebsiella pneumoniae	AA021	AH572	order	Enterobacterales	order	Enterobacterales	order	Enterobacterales	10773089; 25389419; 20547789; 19897651; 24247128; 20851899; 22511964	KPN01
contig_5	1	3420	0.5684210526315789	7b939793de4c1de38a50677f1c4ce4ba	-	-	-	-	-	-	-	-	non-mobilizable	CP028820	0.00669844	Klebsiella pneumoniae	AG456	AQ492	genus	Klebsiella	genus	Klebsiella	-	-	-	KPN01
contig_1_circular	1	5339285	0.5745499631504968	8341f57ebd7823ce33d1631fb5b5529c	-	-	-	-	MPF_T	NC_010726_00014,NC_005814_00013,NC_010726_00011,NC_013284_00016	-	-	non-mobilizable	CP019161	0.197292	Klebsiella pneumoniae	AA397	AI419	-	-	-	-	-	-	-	KPN02
contig_2	1	148808	0.5214571797215204	3ece34bea8e1e9bb262d7499babd8182	IncFII,IncR	000126__FO834904,000204__CP008701_00115	MOBF,MOBF	CP035180_00077,NC_021231_00058	MPF_F	NC_014312_00116,NC_014312_00118,NC_023332_00154,NC_019389_00068,NC_014312_00128,NC_022609_00081,NC_011281_00082,NC_021654_00016,NC_019165_00034,NC_019155_00032,NC_021502_00131,NC_021502_00150	-	-	conjugative	CP028479	0.0461689	Klebsiella pneumoniae	AA452	AI554	order	Enterobacterales	order	Enterobacterales	family	Enterobacteriaceae	20851899; 23711894	KPN02
contig_3	1	130014	0.5373267494269848	74dbcd58458b392ef88b944c978ff82c	IncI-gamma/K1	KT754167	MOBP	NC_013728_00087	MPF_I	NC_011754_00087,NC_014843_00047,NC_007365_00035,NC_011754_00109,NC_014843_00041,NC_022371_00084,NC_012487_00131,NC_022992_00098,NC_014843_00033	MOBP	CP018984	conjugative	LT985270	0.0147145	Escherichia coli	AA282	AI115	order	Enterobacterales	family	Enterobacteriaceae	order	Enterobacterales	23333216; 30761100; 25987637; 21470454; 29899511; 20851899	KPN02
contig_4	1	1746	0.5595647193585338	3349081b2523ce6227f246992959752f	ColpVC	JX133088	-	-	-	-	-	-	non-mobilizable	CP011142	0.0593303	Escherichia coli VR50	AB240	AJ944	order	Enterobacterales	order	Enterobacterales	-	-	-	KPN02
contig_1_circular	1	5264416	0.5756809492258971	56dc69e8ee1ec473af5f51838b4d1fed	-	-	-	-	-	-	-	-	non-mobilizable	CP045018	0.210897	Klebsiella pneumoniae subsp. pneumoniae	AB531	AK351	-	-	-	-	-	-	-	KPN03
contig_2	1	247093	0.5253568494453505	9ef35be4f798f7300ede943743ed5ee0	IncFIB,IncFII	000107__CP014778_00094,000124__KP125893_00142	MOBF,MOBF	NC_021231_00058,CP035180_00077	MPF_F	NC_019155_00032,NC_019165_00034,NC_021654_00016,NC_011281_00082,NC_022609_00081,NC_014312_00128,NC_019389_00068,NC_023332_00154,NC_014312_00118,NC_014312_00116,NC_021502_00150,NC_021502_00131	-	-	conjugative	CP024500	0.00103256	Klebsiella pneumoniae	AA277	AI089	order	Enterobacterales	order	Enterobacterales	order	Enterobacterales	11254626; 19482926; 15781495; 20851899; 16257053	KPN03
contig_3	1	161876	0.5182547134843954	5735a5d09d18d2b98e651057ed5e08c1	IncFIA,IncFII,rep_cluster_2183	AF250878,000129__CP018340,CP017721_00179	MOBF,MOBF	CP035180_00077,NC_021231_00058	MPF_F	NC_014312_00116,NC_014312_00118,NC_023332_00154,NC_019389_00068,NC_014312_00128,NC_022609_00081,NC_019389_00080,NC_021654_00016,NC_019165_00034,NC_014312_00141,NC_021502_00131,NC_021502_00150	-	-	conjugative	CP012571	0.0321972	Klebsiella pneumoniae	AA021	AH572	order	Enterobacterales	order	Enterobacterales	order	Enterobacterales	10773089; 25389419; 20547789; 19897651; 24247128; 20851899; 22511964	KPN03
contig_4	1	53737	0.5311238066881292	bb38081934aaf0f75f56481bd0526fb8	rep_cluster_3	001607__CP009878	-	-	-	-	-	-	non-mobilizable	CP036444	0.00819369	Klebsiella pneumoniae	AB531	AK353	genus	Klebsiella	genus	Klebsiella	-	-	-	KPN03
contig_1_circular	1	5260922	0.5756838820267626	1e872f64ed5e21151b3cbf69d2e0b2a1	-	-	-	-	-	-	-	-	non-mobilizable	CP045018	0.210897	Klebsiella pneumoniae subsp. pneumoniae	AB531	AK351	-	-	-	-	-	-	-	KPN04
contig_2	1	222114	0.5239966863862701	b196c0249f57f7ced9ba1ef9d7f99a29	IncFIA,IncFII,rep_cluster_2183	AF250878,000129__CP018340,CP017721_00179	MOBF,MOBF	NC_021231_00058,CP035180_00077	MPF_F	NC_014312_00141,NC_019165_00034,NC_021654_00016,NC_019389_00080,NC_022609_00081,NC_014312_00128,NC_019389_00068,NC_023332_00154,NC_014312_00118,NC_014312_00116,NC_021502_00150,NC_021502_00131	-	-	conjugative	CP023555	0.0327227	Klebsiella pneumoniae subsp. pneumoniae	AA457	AI562	order	Enterobacterales	order	Enterobacterales	order	Enterobacterales	10773089; 25389419; 20547789; 19897651; 24247128; 20851899; 22511964	KPN04
contig_1_circular	1	5302413	0.5753910530922431	e45dc190ae04024e218bcaf69d67e40e	-	-	-	-	-	-	-	-	non-mobilizable	CP045018	0.210897	Klebsiella pneumoniae subsp. pneumoniae	AB531	AK351	-	-	-	-	-	-	-	KPN05
contig_2	1	399271	0.48165531681489515	cc80bc4b56baa31cfde7edbb20ba1722	IncFIB,IncHI1B	CP024497_00001,JN420336	MOBH	NC_016980_00239	MPF_F	NC_016980_00240,NC_018107_00101,NC_023911_00309,NC_018107_00235,NC_016980_00109,NC_016980_00110,NC_016980_00099	-	-	conjugative	CP026186	0.0203459	Klebsiella pneumoniae	AA405	AI442	order	Enterobacterales	order	Enterobacterales	order	Enterobacterales	18606786; 11254626; 19482926; 15781495; 20851899; 16257053	KPN05
contig_4	1	179932	0.51527799390881	ad4a2ffec0de331a178ab03e8020bc6e	IncFIB,IncFII	000107__CP014778_00094,000124__KP125893_00142	MOBF,MOBF	NC_021231_00058,CP035180_00077	MPF_F	NC_019155_00032,NC_019165_00034,NC_021654_00016,NC_011281_00082,NC_022609_00081,NC_014312_00128,NC_019389_00068,NC_023332_00154,NC_014312_00118,NC_014312_00116,NC_021502_00150,NC_021502_00131	-	-	conjugative	CP034282	0.00144387	Klebsiella pneumoniae	AA277	AI089	order	Enterobacterales	order	Enterobacterales	order	Enterobacterales	11254626; 19482926; 15781495; 20851899; 16257053	KPN05
contig_3	1	163755	0.5267625416017832	7ba9b7ef08421ec618e2632fd9ddf749	IncFIA,IncFII,rep_cluster_2183	AF250878,000129__CP018340,CP017721_00179	MOBF,MOBF	CP035180_00077,NC_021231_00058	MPF_F	NC_014312_00116,NC_014312_00118,NC_023332_00154,NC_019389_00068,NC_014312_00128,NC_022609_00081,NC_019389_00080,NC_021654_00016,NC_019165_00034,NC_014312_00141,NC_021502_00131,NC_021502_00150	-	-	conjugative	CP012571	0.0346987	Klebsiella pneumoniae	AA021	AH572	order	Enterobacterales	order	Enterobacterales	order	Enterobacterales	10773089; 25389419; 20547789; 19897651; 24247128; 20851899; 22511964	KPN05
1	1	5370604	0.5743236701123374	cdc90dcaac9277e436330cfed83a1bb3	-	-	-	-	MPF_T	NC_010726_00014,NC_005814_00013,NC_010726_00011,NC_013284_00016	-	-	non-mobilizable	CP019161	0.203604	Klebsiella pneumoniae	AA397	AI419	-	-	-	-	-	-	-	KPN06
2	1	223494	0.5319158456155423	e218e508084f3214b6f5b1440a7d72ad	IncFIB,IncFII,rep_cluster_2183	000107__CP014778_00094,000132__HG969996,CP017721_00179	MOBF,MOBF	NC_021231_00058,CP035180_00077	MPF_F	NC_019155_00032,NC_019165_00034,NC_021654_00016,NC_019389_00080,NC_022609_00081,NC_014312_00128,NC_021654_00004,NC_023332_00154,NC_014312_00118,NC_014312_00116,NC_021502_00150,NC_021502_00131	-	-	conjugative	CP009777	0.00126265	Klebsiella pneumoniae subsp. pneumoniae	AA275	AI074	order	Enterobacterales	order	Enterobacterales	order	Enterobacterales	11254626; 20547789; 19482926; 15781495; 20851899; 16257053	KPN06
3	1	69335	0.5090214177543809	7daf248f5dd04d01e9ee54417eecbc49	IncR	000204__CP008701_00115	MOBF	NC_015599_00019	MPF_T	NC_022375_00024	MOBF	NZ_CP013834	conjugative	CP006662	0.0310744	Klebsiella pneumoniae	AA553	AI758	class	Gammaproteobacteria	class	Gammaproteobacteria	genus	Klebsiella	23711894	KPN06
1 length=5261309 depth=1.00x circular=true	1	5261309	0.5756877233403322	d850f6b94f77c573c1cffebe60ae3594	-	-	-	-	-	-	-	-	non-mobilizable	CP045018	0.210897	Klebsiella pneumoniae subsp. pneumoniae	AB531	AK351	-	-	-	-	-	-	-	KPN07
2 length=239800 depth=0.75x circular=true	1	239800	0.5164136780650542	b441699f7f4d5755fc15713c725112ea	IncHI1B	JN420336	MOBH	NC_016980_00239	MPF_F	NC_016980_00240,NC_018107_00101	-	-	conjugative	CP032208	0.0574401	Klebsiella pneumoniae	AA405	AI444	order	Enterobacterales	order	Enterobacterales	genus	Salmonella	18606786	KPN07
3 length=183740 depth=0.82x circular=true	1	183740	0.5167628170240557	abdd8a11fb07792f7aa874002d048815	IncFIA,IncFII,rep_cluster_2183	AF250878,000129__CP018340,CP017721_00179	MOBF,MOBF	CP035180_00077,NC_021231_00058	MPF_F	NC_014312_00116,NC_014312_00118,NC_023332_00154,NC_019389_00068,NC_014312_00128,NC_022609_00081,NC_019389_00080,NC_021654_00016,NC_019165_00034,NC_014312_00141,NC_021502_00131,NC_021502_00150	-	-	conjugative	CP012571	0.0299949	Klebsiella pneumoniae	AA021	AH572	order	Enterobacterales	order	Enterobacterales	order	Enterobacterales	10773089; 25389419; 20547789; 19897651; 24247128; 20851899; 22511964	KPN07
contig_1_circular	1	5339059	0.5746229813156214	7d5121c4b86ef3ab8ffe231aebd4b967	-	-	-	-	-	-	-	-	non-mobilizable	CP036444	0.219531	Klebsiella pneumoniae	AB531	AK353	-	-	-	-	-	-	-	KPN08
contig_2	1	175342	0.501842114268116	228e5277418c44a27cac6a2724a23f4f	IncFIB	000107__CP014778_00094	-	-	-	-	-	-	non-mobilizable	CP023917	0.0152936	Klebsiella pneumoniae	AA816	AJ186	order	Enterobacterales	order	Enterobacterales	order	Enterobacterales	11254626; 19482926; 15781495; 20851899; 16257053	KPN08
contig_3	1	5310	0.5111111111111111	68926f87033a824a53f5e001db2650d1	rep_cluster_2401	CP039864_00003	MOBP,MOBP	NC_017321_00002,NC_022662_00003	-	-	MOBP	NC_019078	mobilizable	CP018120	0.000336872	Escherichia coli	AA147	AH785	family	Enterobacteriaceae	family	Enterobacteriaceae	-	-	-	KPN08
contig_4	1	4150	0.49927710843373496	1978450ef085fdcdcfde32ff73c5e9ad	Col156	CP001126_00001	MOBQ,MOBQ	AY079199_00001,NC_011093_00004	-	-	-	-	mobilizable	AY079199	0.015347	Salmonella enterica subsp. enterica serovar Enteritidis	AA973	AJ471	family	Enterobacteriaceae	family	Enterobacteriaceae	genus	Escherichia	25389419	KPN08
contig_5	1	3904	0.5094774590163934	4a27ac0eb557c8daf4e76c266aa24ff2	Col156	CP001126_00001	MOBQ,MOBQ	NC_013719_00001,NC_011093_00004	-	-	-	-	mobilizable	CP034824	0.0102718	Salmonella sp. SSDFZ54	AA974	AJ475	family	Enterobacteriaceae	family	Enterobacteriaceae	genus	Escherichia	25389419	KPN08
contig_6	1	3705	0.3195681511470985	d6998eca8374aa214aa88742e302dd4f	-	-	-	-	-	-	-	-	non-mobilizable	CP030008	0.263022	Enterobacter hormaechei subsp. xiangfangensis	AB112	AJ687	-	-	-	-	-	-	-	KPN08
NODE_1+_length_5494081_cov_1	1	5494081	0.5721764932115125	33132e495c58a05b986a4f1eabe01e5d	-	-	-	-	MPF_T	NC_010726_00014,NC_005814_00013,NC_010726_00011,NC_013284_00016	-	-	non-mobilizable	CP019161	0.203604	Klebsiella pneumoniae	AA397	AI419	-	-	-	-	-	-	-	KPN09
NODE_edge_4+_length_253674_cov_19	1	253674	0.5275353406340422	31aea448494738291859a0a1c9822607	IncFIB,IncFII,rep_cluster_2183	000107__CP014778_00094,000128__CP023916,CP017721_00179	MOBF,MOBF	CP035180_00077,NC_021231_00058	MPF_F	NC_014312_00116,NC_014312_00118,NC_023332_00154,NC_019389_00068,NC_014312_00128,NC_022609_00081,NC_019389_00080,NC_021654_00016,NC_019165_00034,NC_014312_00141,NC_021502_00131,NC_021502_00150	-	-	conjugative	CP029588	0.00436283	Klebsiella pneumoniae	AA275	AI077	order	Enterobacterales	order	Enterobacterales	order	Enterobacterales	11254626; 20547789; 19482926; 15781495; 20851899; 16257053	KPN09
NODE_3+_length_32538_cov_4.57388	1	32538	0.5347900915852234	dbca7a9e48a31a94df8565c74d720218	ColRNAI_rep_cluster_1987	CP024554_00008	-	-	-	-	-	-	non-mobilizable	CP023250	0.0326168	Klebsiella pneumoniae	AA554	AI762	multi-phylla	Actinomycetota,Pseudomonadota	multi-phylla	Actinomycetota,Pseudomonadota	-	-	-	KPN09
contig_1_circular	1	5261023	0.5756857554129682	17e6238fbfeea39e809e975154d6c152	-	-	-	-	-	-	-	-	non-mobilizable	CP045018	0.210897	Klebsiella pneumoniae subsp. pneumoniae	AB531	AK351	-	-	-	-	-	-	-	KPN10
contig_2	1	239800	0.5164136780650542	b441699f7f4d5755fc15713c725112ea	IncHI1B	JN420336	MOBH	NC_016980_00239	MPF_F	NC_016980_00240,NC_018107_00101	-	-	conjugative	CP032208	0.0574401	Klebsiella pneumoniae	AA405	AI444	order	Enterobacterales	order	Enterobacterales	genus	Salmonella	18606786	KPN10
contig_3	1	183739	0.5167601870043921	c2dd0f8bef6d60fbb0300f0b168edd1b	IncFIA,IncFII,rep_cluster_2183	AF250878,000129__CP018340,CP017721_00179	MOBF,MOBF	CP035180_00077,NC_021231_00058	MPF_F	NC_014312_00116,NC_014312_00118,NC_023332_00154,NC_019389_00068,NC_014312_00128,NC_022609_00081,NC_019389_00080,NC_021654_00016,NC_019165_00034,NC_014312_00141,NC_021502_00131,NC_021502_00150	-	-	conjugative	CP012571	0.0299949	Klebsiella pneumoniae	AA021	AH572	order	Enterobacterales	order	Enterobacterales	order	Enterobacterales	10773089; 25389419; 20547789; 19897651; 24247128; 20851899; 22511964	KPN10
1	1	5440773	0.5737438411784502	02066803caa14ecdcb0d519378b432fb	-	-	-	-	-	-	-	-	non-mobilizable	CP007734	0.219531	Klebsiella pneumoniae subsp. pneumoniae KPNIH27	AA035	AH602	-	-	-	-	-	-	-	KPN11
2	1	241621	0.5229015689861395	2fae071cdfc00d09e99cc062eeeed6a7	IncFIB,IncFII	000107__CP014778_00094,000124__KP125893_00142	MOBF,MOBF	NC_021231_00058,CP035180_00077	MPF_F	NC_019155_00032,NC_019165_00034,NC_021654_00016,NC_011281_00082,NC_022609_00081,NC_014312_00128,NC_019389_00068,NC_023332_00154,NC_014312_00118,NC_014312_00116,NC_021502_00150,NC_021502_00131	-	-	conjugative	CP028817	0.00060662	Klebsiella pneumoniae	AA277	AI089	order	Enterobacterales	order	Enterobacterales	order	Enterobacterales	11254626; 19482926; 15781495; 20851899; 16257053	KPN11
3	1	3991	0.44374843397644703	232ea43d75638d953b8b0e8fab359d85	ColRNAI_rep_cluster_1987	CP041116_00002	-	-	-	-	-	-	non-mobilizable	CP036325	0.00058191	Klebsiella pneumoniae	AA110	AH731	multi-phylla	Actinomycetota,Pseudomonadota	multi-phylla	Actinomycetota,Pseudomonadota	-	-	-	KPN11
1	1	5348321	0.5744077440378018	7740b85bc1bbf6219a8f8ec676f446a8	-	-	-	-	MPF_T	NC_010726_00014,NC_005814_00013,NC_010726_00011,NC_013284_00016	-	-	non-mobilizable	CP019161	0.203604	Klebsiella pneumoniae	AA397	AI419	-	-	-	-	-	-	-	KPN12
2	1	247920	0.5253347854146498	87aee86f59bd5452ed6f53ed00ee3f3f	IncFIB,IncFII	000107__CP014778_00094,000124__KP125893_00142	MOBF,MOBF	NC_021231_00058,CP035180_00077	MPF_F	NC_019155_00032,NC_019165_00034,NC_021654_00016,NC_011281_00082,NC_022609_00081,NC_014312_00128,NC_019389_00068,NC_023332_00154,NC_014312_00118,NC_014312_00116,NC_021502_00150,NC_021502_00131	-	-	conjugative	CP024500	0.000981871	Klebsiella pneumoniae	AA277	AI089	order	Enterobacterales	order	Enterobacterales	order	Enterobacterales	11254626; 19482926; 15781495; 20851899; 16257053	KPN12
3	1	3992	0.4431362725450902	874f88f3fdb63fde185a848ee7c9077c	ColRNAI_rep_cluster_1987	CP041116_00002	-	-	-	-	-	-	non-mobilizable	CP036325	0.000483446	Klebsiella pneumoniae	AA110	AH731	multi-phylla	Actinomycetota,Pseudomonadota	multi-phylla	Actinomycetota,Pseudomonadota	-	-	-	KPN12
contig_1_circular	1	5434148	0.5729343403970595	114a712d5599a1370c335c1df31b849d	-	-	-	-	MPF_T	NC_013284_00016,NC_010726_00011,NC_005814_00013,NC_010726_00014	-	-	non-mobilizable	CP019161	0.203604	Klebsiella pneumoniae	AA397	AI419	-	-	-	-	-	-	-	KPN13
contig_2	1	63990	0.5413033286451008	e104f3521432f1dbd7adfe26864b136b	IncFII,rep_cluster_2183	000128__CP023916,CP017721_00179	-	-	-	-	-	-	non-mobilizable	CP025817	0.0345853	Klebsiella pneumoniae	AA274	AI073	order	Enterobacterales	order	Enterobacterales	family	Enterobacteriaceae	20851899; 20547789	KPN13
contig_3	1	14159	0.551733879511265	be108a14ec5da84f47dfdef9d59eeb74	-	-	-	-	-	-	-	-	non-mobilizable	CP035343	0.0312752	Escherichia coli	AG600	AQ648	family	Enterobacteriaceae	family	Enterobacteriaceae	-	-	-	KPN13
contig_1_circular	1	5247122	0.5745755482719861	8499c0a2219bdd1ef80e2459e8ff71b8	-	-	-	-	-	-	-	-	non-mobilizable	CP034138	0.23011	Klebsiella quasipneumoniae subsp. similipneumoniae	AA814	AJ181	-	-	-	-	-	-	-	KPN14
contig_2	1	143956	0.516852371557976	6c80978f40fb64b313f61d07c252f6cc	IncFIB	000107__CP014778_00094	-	-	-	-	-	-	non-mobilizable	CP025683	0.00149601	Klebsiella pneumoniae	AD443	AN002	order	Enterobacterales	order	Enterobacterales	order	Enterobacterales	11254626; 19482926; 15781495; 20851899; 16257053	KPN14
contig_3	1	111935	0.4875240094697816	eaaea116c28c557fc524ead3c6d278ac	IncFIB	000100__NZ_CP016161_00012	-	-	-	-	-	-	non-mobilizable	KY354306	0.0119383	Klebsiella pneumoniae	AC125	AL186	order	Enterobacterales	order	Enterobacterales	order	Enterobacterales	11254626; 19482926; 15781495; 20851899; 16257053	KPN14
contig_4	1	83578	0.5242647586685492	6cbea92bed5720a625e1cb575cb0e43c	rep_cluster_1418	000759__NC_013950_00034	-	-	-	-	-	-	non-mobilizable	CP014777	0.0394988	Pluralibacter gergoviae	AA445	AI524	family	Enterobacteriaceae	family	Enterobacteriaceae	genus	Klebsiella	16940067	KPN14
contig_5	1	43704	0.46025535420098845	8e4f917c2feadacf2c146a970cecfe85	IncX3	000221__NC_025130_00012	MOBP	NC_020552_00059	MPF_T	NC_017624_00009,NC_019083_00030,NC_019157_00030,NC_019157_00029,NC_023277_00163	-	-	conjugative	CP031373	0.000483446	Klebsiella pneumoniae	AA038	AH615	order	Enterobacterales	order	Enterobacterales	family	Enterobacteriaceae	26842776; 22470007	KPN14
contig_6	1	8712	0.5676078971533517	242a7730883761e378ed2f154aa68aec	-	-	-	-	-	-	-	-	non-mobilizable	CP031654	1.0	Escherichia coli	AA379	AI397	-	-	-	-	-	-	-	KPN14
contig_7	1	4923	0.4667885435709933	ee896eb06a901d5d6cdac7d8eadfa15c	ColRNAI_rep_cluster_1987	CP024554_00008	-	-	-	-	-	-	non-mobilizable	CP031797	0.0615839	Klebsiella pneumoniae	AA122	AH750	multi-phylla	Actinomycetota,Pseudomonadota	multi-phylla	Actinomycetota,Pseudomonadota	-	-	-	KPN14
contig_8	1	4318	0.4993052339045855	d0595b2463426eeeebe28fe502b3c768	rep_cluster_2373	LT985313_00005	MOBP	NC_017389_00004	-	-	MOB_unknown	CP016722	mobilizable	CP030001	0.0799006	Salmonella enterica subsp. enterica serovar Brandenburg	AA538	AI722	order	Enterobacterales	order	Enterobacterales	genus	Klebsiella	26169555	KPN14
contig_9	1	2495	0.5146292585170341	392d7546b8939daad74eabd3a5b93254	rep_cluster_2335,rep_cluster_2358	KU302809_00001,CP000974_00005	-	-	-	-	MOB_unknown	NC_017722	mobilizable	CP042504	0.000508006	Enterobacter sp. E76	AB040	AJ580	multi-phylla	Actinomycetota,Bacillota,Pseudomonadota	multi-phylla	Actinomycetota,Bacillota,Pseudomonadota	phylum	Pseudomonadota	24096417; 20008783	KPN14
contig_10	1	1699	0.4455562095350206	7474e4fdce3a2682678704866555b9a5	-	-	-	-	-	-	-	-	non-mobilizable	CP042577	0.00800497	Enterobacter hormaechei	AE480	AO271	genus	Enterobacter	genus	Enterobacter	-	-	-	KPN14
NODE_1+_length_5376193_cov_1	1	5376193	0.5729247443311652	6f0ad2942a0c51cd8432f94f08432e45	-	-	-	-	-	-	-	-	non-mobilizable	CP041648	0.219531	Klebsiella pneumoniae	AA445	AI523	-	-	-	-	-	-	-	KPN15
NODE_1+_length_235159_cov_1	1	235159	0.5118962063965232	2af5646860440d2ed479a60f456d36b5	IncFIB,IncFII,IncR,rep_cluster_2183	000107__CP014778_00094,000132__HG969996,000204__CP008701_00115,CP017721_00179	MOBF,MOBF,MOBF	NC_015599_00019,NC_021231_00058,CP035180_00077	MPF_F	NC_019155_00032,NC_019165_00034,NC_021654_00016,NC_019389_00080,NC_022609_00081,NC_014312_00128,NC_021654_00004,NC_023332_00154,NC_014312_00118,NC_014312_00116,NC_022375_00024,NC_021502_00150,NC_021502_00131	MOBF	NZ_CP013834	conjugative	CP024551	0.00936594	Klebsiella pneumoniae	AA274	AI067	class	Gammaproteobacteria	class	Gammaproteobacteria	order	Enterobacterales	11254626; 20547789; 19482926; 23711894; 15781495; 20851899; 16257053	KPN15
NODE_edge_1+_length_5140923_cov_19	1	5140923	0.576783001807263	61943739d473a0f8b61b65627f445cf5	-	-	-	-	-	-	-	-	non-mobilizable	CP007734	0.23011	Klebsiella pneumoniae subsp. pneumoniae KPNIH27	AA035	AH602	-	-	-	-	-	-	-	KPN16
NODE_3_7+_length_190550_cov_1.20854	1	190550	0.50175806874836	7a72e5fefd08790bc1a3f451b933b850	IncFIB	000107__CP014778_00094	-	-	-	-	-	-	non-mobilizable	CP023917	0.0167251	Klebsiella pneumoniae	AA816	AJ186	order	Enterobacterales	order	Enterobacterales	order	Enterobacterales	11254626; 19482926; 15781495; 20851899; 16257053	KPN16
NODE_4+_length_18981_cov_6.25999	1	18981	0.5433328064907013	8ef11f99a1b9256ef291e0d781e4d32b	-	-	-	-	-	-	-	-	non-mobilizable	CP014648	0.0296126	Klebsiella pneumoniae	AA941	AJ419	family	Enterobacteriaceae	family	Enterobacteriaceae	-	-	-	KPN16
NODE_6+_length_3674_cov_0.837182	1	3674	0.4643440391943386	7e9f97d3682b8544d442683f426b98d9	ColRNAI_rep_cluster_1987	CP024554_00008	-	-	-	-	-	-	non-mobilizable	CP034764	0.000264084	Klebsiella pneumoniae	AA119	AH746	multi-phylla	Actinomycetota,Pseudomonadota	multi-phylla	Actinomycetota,Pseudomonadota	-	-	-	KPN16
contig_1	1	5081011	0.5788428720189742	1f1a4305b59036d1616a726abc2b74e4	-	-	-	-	MPF_T	NC_010726_00014,NC_005814_00013,NC_010726_00011,NC_013284_00016	-	-	non-mobilizable	CP019161	0.203604	Klebsiella pneumoniae	AA397	AI419	-	-	-	-	-	-	-	KPN17
contig_2	1	191869	0.5281155371633771	60997861ccf1f5d79d254beaad854b92	IncFIB,IncFII	000107__CP014778_00094,000132__HG969996	MOBF	NC_021231_00058	MPF_F	NC_014312_00116,NC_014312_00118,NC_023332_00154,NC_021654_00004,NC_014312_00128,NC_022609_00081,NC_019389_00080,NC_021654_00016,NC_019165_00034,NC_019155_00032,NC_021502_00131	-	-	conjugative	CP020499	0.0101459	Klebsiella pneumoniae	AA275	AI074	order	Enterobacterales	order	Enterobacterales	order	Enterobacterales	11254626; 19482926; 15781495; 20851899; 16257053	KPN17
1	1	5421555	0.5723304476298774	7fafdda31ba45a637e2951f1d8d0510b	-	-	-	-	-	-	-	-	non-mobilizable	CP041648	0.219531	Klebsiella pneumoniae	AA445	AI523	-	-	-	-	-	-	-	KPN18
2	1	220385	0.5117135921228759	686d877b6be50521ba644a73a6cd4c85	IncFIB,IncFII,IncR,rep_cluster_2183	000107__CP014778_00094,000132__HG969996,000204__CP008701_00115,CP017721_00179	MOBF,MOBF,MOBF	NC_021231_00058,CP035180_00077,NC_015599_00019	MPF_F	NC_019155_00032,NC_019165_00034,NC_021654_00016,NC_019389_00080,NC_022609_00081,NC_014312_00128,NC_021654_00004,NC_023332_00154,NC_014312_00118,NC_014312_00116,NC_021502_00150,NC_021502_00131,NC_022375_00024	MOBF	NZ_CP013834	conjugative	CP024551	0.00892796	Klebsiella pneumoniae	AA274	AI067	class	Gammaproteobacteria	class	Gammaproteobacteria	order	Enterobacterales	11254626; 20547789; 19482926; 23711894; 15781495; 20851899; 16257053	KPN18
NODE_1+_length_5246450_cov_1	1	5246450	0.5745772855931154	3bf983edb1d59db62b1cc233fe16a502	-	-	-	-	-	-	-	-	non-mobilizable	CP034138	0.23011	Klebsiella quasipneumoniae subsp. similipneumoniae	AA814	AJ181	-	-	-	-	-	-	-	KPN19
NODE_2+_length_111935_cov_0.612953	1	111935	0.4875240094697816	eaaea116c28c557fc524ead3c6d278ac	IncFIB	000100__NZ_CP016161_00012	-	-	-	-	-	-	non-mobilizable	KY354306	0.0119383	Klebsiella pneumoniae	AC125	AL186	order	Enterobacterales	order	Enterobacterales	order	Enterobacterales	11254626; 19482926; 15781495; 20851899; 16257053	KPN19
NODE_edge_21+_length_109953_cov_12	1	109953	0.4870080852727984	e6da233d0c7acad4f25cb92fa131d11c	IncFIB	000100__NZ_CP016161_00012	-	-	-	-	-	-	non-mobilizable	KY354306	0.0124467	Klebsiella pneumoniae	AC125	AL186	order	Enterobacterales	order	Enterobacterales	order	Enterobacterales	11254626; 19482926; 15781495; 20851899; 16257053	KPN19
NODE_4+_length_83578_cov_0.725294	1	83578	0.5242408289262724	9f63d29b678efd8902820346d3fb856d	rep_cluster_1418	000759__NC_013950_00034	-	-	-	-	-	-	non-mobilizable	CP014777	0.0396325	Pluralibacter gergoviae	AA445	AI524	family	Enterobacteriaceae	family	Enterobacteriaceae	genus	Klebsiella	16940067	KPN19
NODE_5+_length_43704_cov_2.98601	1	43704	0.46025535420098845	2cbb7c8e14aa7626c303a0d843723aa3	IncX3	000221__NC_025130_00012	MOBP	NC_020552_00059	MPF_T	NC_017624_00009,NC_019083_00030,NC_019157_00030,NC_019157_00029,NC_023277_00163	-	-	conjugative	CP031373	0.000508006	Klebsiella pneumoniae	AA038	AH615	order	Enterobacterales	order	Enterobacterales	family	Enterobacteriaceae	26842776; 22470007	KPN19
NODE_6+_length_8712_cov_2.54526	1	8712	0.5676078971533517	e73d47eaafceb1cb166c80e25ff04d0b	-	-	-	-	-	-	-	-	non-mobilizable	CP031654	1.0	Escherichia coli	AA379	AI397	-	-	-	-	-	-	-	KPN19
NODE_7+_length_4923_cov_1.96364	1	4923	0.4667885435709933	604617cf236e55eadfbb2a5924b8c655	ColRNAI_rep_cluster_1987	CP024554_00008	-	-	-	-	-	-	non-mobilizable	CP031797	0.0618432	Klebsiella pneumoniae	AA122	AH750	multi-phylla	Actinomycetota,Pseudomonadota	multi-phylla	Actinomycetota,Pseudomonadota	-	-	-	KPN19
NODE_8+_length_3511_cov_3.98663	1	3511	0.5451438336656224	1d45d02de69afbde6de11eb387d857c6	rep_cluster_2335	EF088686_00008	MOBP,MOBP	NC_019986_00002,NC_001848_00006	-	-	MOBP	CP008720	mobilizable	CP034043	0.00028831	Klebsiella pneumoniae subsp. pneumoniae	AB045	AJ589	multi-phylla	Actinomycetota,Bacillota,Pseudomonadota	multi-phylla	Actinomycetota,Bacillota,Pseudomonadota	order	Enterobacterales	20008783	KPN19
NODE_9+_length_1916_cov_3.62757	1	1916	0.5146137787056367	1082da2610e501233ac636d5f0a1a081	rep_cluster_2335	KU302809_00001	-	-	-	-	MOBP	CP018223	mobilizable	CP024520	0.000434439	Klebsiella pneumoniae	AB043	AJ583	multi-phylla	Actinomycetota,Bacillota,Pseudomonadota	multi-phylla	Actinomycetota,Bacillota,Pseudomonadota	order	Enterobacterales	20008783	KPN19
contig_1_circular	1	5231669	0.5745300400312022	7647398ea1fb0d9ee9db50b547021c0b	-	-	-	-	-	-	-	-	non-mobilizable	CP027613	0.219531	Klebsiella pneumoniae subsp. ozaenae	AA458	AI564	-	-	-	-	-	-	-	KPN20
contig_2	1	190520	0.5037476380432501	42fefb2204b1b83a2a5f3cacdf6acef2	IncFIB,IncX3	000107__CP014778_00094,000221__NC_025130_00012	MOBP	NC_020552_00059	MPF_T	NC_023277_00163,NC_019157_00029,NC_019157_00030,NC_019083_00030,NC_017624_00009	-	-	conjugative	CP025683	0.00834599	Klebsiella pneumoniae	AD443	AN002	order	Enterobacterales	order	Enterobacterales	order	Enterobacterales	11254626; 19482926; 15781495; 26842776; 20851899; 16257053; 22470007	KPN20
contig_6	1	111935	0.4875240094697816	eaaea116c28c557fc524ead3c6d278ac	IncFIB	000100__NZ_CP016161_00012	-	-	-	-	-	-	non-mobilizable	KY354306	0.0119383	Klebsiella pneumoniae	AC125	AL186	order	Enterobacterales	order	Enterobacterales	order	Enterobacterales	11254626; 19482926; 15781495; 20851899; 16257053	KPN20
contig_5	1	83578	0.5242527937974109	cd5ff11381fa3305e012f308b44febc1	rep_cluster_1418	000759__NC_013950_00034	-	-	-	-	-	-	non-mobilizable	CP014777	0.0394988	Pluralibacter gergoviae	AA445	AI524	family	Enterobacteriaceae	family	Enterobacteriaceae	genus	Klebsiella	16940067	KPN20
contig_7	1	8712	0.5676078971533517	4a9e4070e907e98aa8fdafc286919a4e	-	-	-	-	-	-	-	-	non-mobilizable	CP031654	1.0	Escherichia coli	AA379	AI397	-	-	-	-	-	-	-	KPN20
contig_3	1	4923	0.4667885435709933	9ae5482304cbb238b3cf32e3cd1ef2b5	ColRNAI_rep_cluster_1987	CP024554_00008	-	-	-	-	-	-	non-mobilizable	CP031797	0.0615839	Klebsiella pneumoniae	AA122	AH750	multi-phylla	Actinomycetota,Pseudomonadota	multi-phylla	Actinomycetota,Pseudomonadota	-	-	-	KPN20
contig_4	1	3511	0.5451438336656224	ed203ada99cc5152b2ed657b3a8be1c7	rep_cluster_2335	EF088686_00008	MOBP,MOBP	NC_019986_00002,NC_001848_00006	-	-	MOBP	CP008720	mobilizable	CP034043	0.000336872	Klebsiella pneumoniae subsp. pneumoniae	AB045	AJ589	multi-phylla	Actinomycetota,Bacillota,Pseudomonadota	multi-phylla	Actinomycetota,Bacillota,Pseudomonadota	order	Enterobacterales	20008783	KPN20
contig_8	1	1916	0.5146137787056367	4c285101a80a600af31bc3d6548914ec	rep_cluster_2335	KU302809_00001	-	-	-	-	MOBP	CP018223	mobilizable	CP024520	0.000508006	Klebsiella pneumoniae	AB043	AJ583	multi-phylla	Actinomycetota,Bacillota,Pseudomonadota	multi-phylla	Actinomycetota,Bacillota,Pseudomonadota	order	Enterobacterales	20008783	KPN20
contig_9	1	1699	0.4455562095350206	375232e885bba18524545768c2f901d3	-	-	-	-	-	-	-	-	non-mobilizable	CP042577	0.00808024	Enterobacter hormaechei	AE480	AO271	genus	Enterobacter	genus	Enterobacter	-	-	-	KPN20
1 length=5378361 depth=1.00x circular=true	1	5378361	0.5804874384594118	91e28c3936193314daa44ba81221a0b4	-	-	-	-	-	-	-	-	non-mobilizable	CP034057	0.197292	Klebsiella pneumoniae	AB531	AK352	-	-	-	-	-	-	-	KQ01
2 length=201772 depth=0.83x circular=true	1	201772	0.5089259163808655	9204f3d86e378415ddb8b7f44c26af97	IncFIB	000107__CP014778_00094	-	-	-	-	-	-	non-mobilizable	CP034138	0.00348975	Klebsiella quasipneumoniae subsp. similipneumoniae	AA814	AJ181	order	Enterobacterales	order	Enterobacterales	order	Enterobacterales	11254626; 19482926; 15781495; 20851899; 16257053	KQ01
3 length=146040 depth=0.83x circular=true	1	146040	0.5333127910161599	1a5d8168ec19c5a7141d9403cd163d48	IncFIA	AF250878	MOBF,MOBF,MOBF	NC_015599_00019,NC_021231_00058,CP035180_00077	MPF_F	NC_014312_00141,NC_019165_00034,NC_021654_00016,NC_019389_00080,NC_022609_00081,NC_014312_00128,NC_021231_00085,NC_023332_00154,NC_014312_00118,NC_014312_00116,NC_021502_00150,NC_021502_00131	-	-	conjugative	CP020851	0.0348125	Klebsiella variicola	AA445	AI522	class	Gammaproteobacteria	class	Gammaproteobacteria	order	Enterobacterales	10773089; 25389419; 19897651; 24247128; 20851899; 22511964	KQ01
4 length=97514 depth=1.38x circular=true	1	97514	0.5175974731833378	745dd1ff4f166a65ce76857539d9edc0	IncFII	000129__CP018340	MOBF	CP008789_00079	MPF_F	NC_014312_00116,NC_014312_00118,NC_023332_00154,NC_014312_00128,NC_022609_00081,NC_019165_00034,NC_021502_00131,NC_021502_00150	-	-	conjugative	CP024509	0.0437856	Klebsiella pneumoniae	AE105	AN821	order	Enterobacterales	order	Enterobacterales	family	Enterobacteriaceae	20851899	KQ01
5 length=43704 depth=1.10x circular=true	1	43704	0.46023247300018305	05e66deabc36e86e7a8f3516cd479aa1	IncX3	000221__NC_025130_00012	MOBP	NC_020552_00059	MPF_T	NC_017624_00009,NC_019083_00030,NC_019157_00030,NC_019157_00029,NC_023277_00163	-	-	conjugative	CP031373	0.000483446	Klebsiella pneumoniae	AA038	AH615	order	Enterobacterales	order	Enterobacterales	family	Enterobacteriaceae	26842776; 22470007	KQ01
6 length=5225 depth=5.18x circular=true	1	5225	0.49741626794258376	5889e2b45b06c3e929679c8b8283fff5	ColRNAI_rep_cluster_1987	CP041116_00002	MOBP	NC_019986_00002	-	-	MOB_unknown	CP016722	mobilizable	CP023911	0.000409992	Klebsiella pneumoniae	AB045	AJ587	multi-phylla	Actinomycetota,Pseudomonadota	multi-phylla	Actinomycetota,Pseudomonadota	-	-	-	KQ01
7 length=3686 depth=1.57x circular=true	1	3686	0.449267498643516	bf9a8668e8deb862d6ac4c3e5c140af3	ColRNAI_rep_cluster_1987	CP024554_00008	-	-	-	-	-	-	non-mobilizable	CP024464	0.043179	Klebsiella pneumoniae	AA130	AH761	multi-phylla	Actinomycetota,Pseudomonadota	multi-phylla	Actinomycetota,Pseudomonadota	-	-	-	KQ01
contig_1_circular	1	5059344	0.5819185254056652	711e5fb8cf9d21464626f59276e500f1	-	-	-	-	-	-	-	-	non-mobilizable	CP026171	0.263022	Leclercia sp. LSNIH1	AA543	AI730	-	-	-	-	-	-	-	KQ02
contig_2	1	163297	0.5340147093945388	67a7cd423a639f47989ee3d121f1334b	IncFIB,IncFII	000097__NC_025166_00051,000124__KP125893_00142	MOBF,MOBF	CP035180_00077,NC_021231_00058	MPF_F	NC_014312_00116,NC_014312_00118,NC_023332_00154,NC_019389_00068,NC_014312_00128,NC_022609_00081,NC_019389_00080,NC_021654_00016,NC_019165_00034,NC_022609_00095,NC_021502_00131,NC_021502_00150	-	-	conjugative	CP021541	0.0363341	Klebsiella pneumoniae	AA450	AI542	order	Enterobacterales	order	Enterobacterales	order	Enterobacterales	11254626; 19482926; 15781495; 20851899; 16257053	KQ02
contig_3	1	120968	0.5181866278685272	8ecafff51fb65d8046a9bd49e9260ccc	IncFIB	000107__CP014778_00094	-	-	-	-	-	-	non-mobilizable	CP032173	0.0102718	Klebsiella pneumoniae	AD443	AN001	order	Enterobacterales	order	Enterobacterales	order	Enterobacterales	11254626; 19482926; 15781495; 20851899; 16257053	KQ02
contig_4	1	66058	0.5125041630082655	1eb793a5584c35c691c067cc5592e6f7	IncR	000204__CP008701_00115	-	-	-	-	MOBF	NZ_CP013834	mobilizable	CP028551	0.0293293	Klebsiella variicola	AB181	AJ820	order	Enterobacterales	order	Enterobacterales	genus	Klebsiella	23711894	KQ02
contig_5	1	48860	0.4525583299222268	a4ff9e7a3cef139d7309752f83b842f6	IncX5	000226__MF062700	MOBP	NC_019096_00001	MPF_T	NC_019899_00035,NC_019899_00038,NC_019899_00039,NC_019899_00040,NC_023277_00163	-	-	conjugative	MF344556	0.014871	Enterobacter cloacae	AE974	AO865	order	Enterobacterales	order	Enterobacterales	genus	Klebsiella	23114770	KQ02
contig_6	1	4873	0.5150831110199056	cf7822aaf90dc7b1284109f1611dc314	rep_cluster_2373	LT985313_00005	MOBP	NC_016979_00005	-	-	MOBP	NZ_CP011140	mobilizable	CP036198	0.0439391	Klebsiella pneumoniae	AA521	AI692	order	Enterobacterales	order	Enterobacterales	genus	Klebsiella	26169555	KQ02
contig_7	1	4773	0.41504294992667085	8333c72d122f778efb1640a0f97667c6	ColRNAI_rep_cluster_1987	CP024554_00008	-	-	-	-	-	-	non-mobilizable	CP018446	0.0766828	Klebsiella pneumoniae	AA118	AH744	multi-phylla	Actinomycetota,Pseudomonadota	multi-phylla	Actinomycetota,Pseudomonadota	-	-	-	KQ02
contig_8	1	4163	0.48931059332212345	d738177375606d3771678c768713aecc	ColRNAI_rep_cluster_1987	CP024554_00008	-	-	-	-	-	-	non-mobilizable	CP018358	0.0265635	Klebsiella oxytoca	AA103	AH721	multi-phylla	Actinomycetota,Pseudomonadota	multi-phylla	Actinomycetota,Pseudomonadota	-	-	-	KQ02
contig_9	1	3282	0.44789762340036565	8952bd16f505f0160b5b234a8e356ae3	ColRNAI_rep_cluster_1987,rep_cluster_2327	000019__CP000651_00005,AY033516_00007	-	-	-	-	-	-	non-mobilizable	CP034751	0.0461689	Escherichia coli	AC527	AL749	multi-phylla	Actinomycetota,Pseudomonadota	multi-phylla	Actinomycetota,Pseudomonadota	-	-	-	KQ02
1 length=5253484 depth=1.00x circular=true	1	5253484	0.5789462764138998	217fe91583e2311eb4d8dd8bc213c457	-	-	-	-	-	-	-	-	non-mobilizable	CP025944	0.263022	Escherichia coli	AA587	AI812	-	-	-	-	-	-	-	KQ03
2 length=212347 depth=0.81x circular=true	1	212347	0.508775730290515	9a82aad7e29aa5612a45b706d96c5c0e	IncFIB	000107__CP014778_00094	-	-	-	-	-	-	non-mobilizable	CP023479	0.00617965	Klebsiella quasipneumoniae	AA814	AJ181	order	Enterobacterales	order	Enterobacterales	order	Enterobacterales	11254626; 19482926; 15781495; 20851899; 16257053	KQ03
3 length=45197 depth=0.81x circular=true	1	45197	0.46129167865123794	4c11ecaadd5972c8d8db080a8449ea9e	IncX3	000221__NC_025130_00012	MOBP	NC_020552_00059	MPF_T	NC_017624_00009,NC_019083_00030,NC_019157_00030,NC_019157_00029,NC_023277_00163	-	-	conjugative	CP031373	0.00121124	Klebsiella pneumoniae	AA038	AH615	order	Enterobacterales	order	Enterobacterales	family	Enterobacteriaceae	26842776; 22470007	KQ03
4 length=4958 depth=7.12x circular=true	1	4958	0.5350947962888262	6df7c395b67c1000e1fb9d4d09046a9d	ColRNAI_rep_cluster_1987	CP041116_00002	MOBP,MOBP	NC_001848_00006,NC_013090_00004	-	-	MOB_unknown	CP016722	mobilizable	CP035206	0.0107405	Klebsiella pneumoniae	AA523	AI700	multi-phylla	Actinomycetota,Pseudomonadota	multi-phylla	Actinomycetota,Pseudomonadota	-	-	-	KQ03
5 length=3897 depth=3.00x circular=true	1	3897	0.42211957916345905	bf93399856709b2ee15481c9e6ce21a2	rep_cluster_2358	CP000974_00005	-	-	-	-	-	-	non-mobilizable	CP033825	0.000215742	Klebsiella sp. FDAARGOS_511	AA130	AH760	phylum	Pseudomonadota	order	Enterobacterales	phylum	Pseudomonadota	24096417	KQ03
6 length=1917 depth=3.34x circular=true	1	1917	0.5143453312467396	61219ace2b604ae4f2d04e11b969b3fd	rep_cluster_2335	KU302809_00001	-	-	-	-	MOBP	CP018223	mobilizable	CP024520	0.00103256	Klebsiella pneumoniae	AB043	AJ583	multi-phylla	Actinomycetota,Bacillota,Pseudomonadota	multi-phylla	Actinomycetota,Bacillota,Pseudomonadota	order	Enterobacterales	20008783	KQ03
NODE_1+_length_5059491_cov_1	1	5059491	0.5819221735941422	c56c4778ab4560f110d9b6f7283ca65f	-	-	-	-	-	-	-	-	non-mobilizable	CP026171	0.263022	Leclercia sp. LSNIH1	AA543	AI730	-	-	-	-	-	-	-	KQ04
NODE_2+_length_163296_cov_1.56543	1	163296	0.5340057319223986	3ed9ed48d60763876dde27c78fb8afc4	IncFIB,IncFII	000097__NC_025166_00051,000124__KP125893_00142	MOBF,MOBF	CP035180_00077,NC_021231_00058	MPF_F	NC_014312_00116,NC_014312_00118,NC_023332_00154,NC_019389_00068,NC_014312_00128,NC_022609_00081,NC_019389_00080,NC_021654_00016,NC_019165_00034,NC_022609_00095,NC_021502_00131,NC_021502_00150	-	-	conjugative	CP021541	0.0364545	Klebsiella pneumoniae	AA450	AI542	order	Enterobacterales	order	Enterobacterales	order	Enterobacterales	11254626; 19482926; 15781495; 20851899; 16257053	KQ04
NODE_3+_length_123252_cov_0.729803	1	123252	0.5173790283321974	39ca624136943dc727225334ea09c7f2	IncFIB	000107__CP014778_00094	-	-	-	-	-	-	non-mobilizable	CP032173	0.0101878	Klebsiella pneumoniae	AD443	AN001	order	Enterobacterales	order	Enterobacterales	order	Enterobacterales	11254626; 19482926; 15781495; 20851899; 16257053	KQ04
NODE_4+_length_65834_cov_0.933048	1	65834	0.5117264635294833	76e9083329dad57de5456c069f8ae24a	IncR	000204__CP008701_00115	-	-	-	-	MOBF	NZ_CP013834	mobilizable	CP028551	0.0294234	Klebsiella variicola	AB181	AJ820	order	Enterobacterales	order	Enterobacterales	genus	Klebsiella	23711894	KQ04
NODE_5+_length_48860_cov_1.28305	1	48860	0.4525583299222268	f9fa8990823aa2c7ffb7919e6a9931c5	IncX5	000226__MF062700	MOBP	NC_019096_00001	MPF_T	NC_023277_00163,NC_019899_00040,NC_019899_00039,NC_019899_00038,NC_019899_00035	-	-	conjugative	MF344556	0.014871	Enterobacter cloacae	AE974	AO865	order	Enterobacterales	order	Enterobacterales	genus	Klebsiella	23114770	KQ04
NODE_6+_length_7720_cov_5.62207	1	7720	0.49119170984455957	49b4a7b02f7b64bdd05d6a196294b9de	ColRNAI_rep_cluster_1987	CP041116_00002	-	-	-	-	MOB_unknown	CP016722	mobilizable	CP041116	0.0198862	Escherichia coli	AA106	AH726	multi-phylla	Actinomycetota,Pseudomonadota	multi-phylla	Actinomycetota,Pseudomonadota	-	-	-	KQ04
NODE_7+_length_4873_cov_7.32988	1	4873	0.5150831110199056	cf7822aaf90dc7b1284109f1611dc314	rep_cluster_2373	LT985313_00005	MOBP	NC_016979_00005	-	-	MOBP	NZ_CP011140	mobilizable	CP036198	0.0439391	Klebsiella pneumoniae	AA521	AI692	order	Enterobacterales	order	Enterobacterales	genus	Klebsiella	26169555	KQ04
NODE_8+_length_4773_cov_4.38822	1	4773	0.41504294992667085	637b07d5c3cf51b66bad2e9fbcebb56e	ColRNAI_rep_cluster_1987	CP024554_00008	-	-	-	-	-	-	non-mobilizable	CP018446	0.0762985	Klebsiella pneumoniae	AA118	AH744	multi-phylla	Actinomycetota,Pseudomonadota	multi-phylla	Actinomycetota,Pseudomonadota	-	-	-	KQ04
NODE_11_10_12+_length_4163_cov_14.5676	1	4163	0.48931059332212345	0cdf10c34d1cba1086b7ddccd09c35e7	ColRNAI_rep_cluster_1987	CP024554_00008	-	-	-	-	-	-	non-mobilizable	CP018358	0.0269907	Klebsiella oxytoca	AA103	AH721	multi-phylla	Actinomycetota,Pseudomonadota	multi-phylla	Actinomycetota,Pseudomonadota	-	-	-	KQ04
NODE_9+_length_3282_cov_5.69474	1	3282	0.44789762340036565	8952bd16f505f0160b5b234a8e356ae3	ColRNAI_rep_cluster_1987,rep_cluster_2327	000019__CP000651_00005,AY033516_00007	-	-	-	-	-	-	non-mobilizable	CP034751	0.0461689	Escherichia coli	AC527	AL749	multi-phylla	Actinomycetota,Pseudomonadota	multi-phylla	Actinomycetota,Pseudomonadota	-	-	-	KQ04
NODE_1+_length_5613265_cov_1	1	5613265	0.5685429068465501	5a243224843009676e50f2a2febac1f1	-	-	-	-	-	-	-	-	non-mobilizable	MF344582	0.197292	Citrobacter freundii	AA739	AJ054	-	-	-	-	-	-	-	KV01
NODE_2+_length_175169_cov_0.824842	1	175169	0.5329653077884785	803d4b4c517b9dc7db2d78fc6ba77e27	IncFIB	000107__CP014778_00094	MOBF,MOBF	NC_021231_00058,CP035180_00077	MPF_F	NC_019155_00032,NC_019165_00034,NC_021502_00150	-	-	conjugative	CP022824	0.0084995	Klebsiella quasivariicola	AA275	AI076	order	Enterobacterales	order	Enterobacterales	order	Enterobacterales	11254626; 19482926; 15781495; 20851899; 16257053	KV01
NODE_3+_length_110359_cov_0.619381	1	110359	0.48703775858788134	8622715477ea61a9e25a08eb6b693194	IncFIB	000100__NZ_CP016161_00012	-	-	-	-	-	-	non-mobilizable	CP012570	0.0171844	Klebsiella pneumoniae	AC125	AL188	order	Enterobacterales	order	Enterobacterales	order	Enterobacterales	11254626; 19482926; 15781495; 20851899; 16257053	KV01
NODE_4+_length_108489_cov_1.03903	1	108489	0.5090654352054125	1b96d09e1bdc47ec69d5188e0c935692	IncI-gamma/K1	CP001118	MOBP	NC_019097	MPF_I	NC_019097_00056,NC_022267_00057,NC_019111_00038,NC_023290_00086,NC_015965_00072,NC_019097_00075,NC_022267_00069,NZ_CM001473_00069,NC_019097_00085	MOBP	HM021326	conjugative	MK181557	0.0	Escherichia coli	AA474	AI597	order	Enterobacterales	family	Enterobacteriaceae	order	Enterobacterales	23333216; 30761100; 25987637; 21470454; 29899511; 20851899	KV01
NODE_5+_length_1565_cov_10.4403	1	1565	0.5086261980830671	3f0ce933cb9ef634757d473685dd8973	Col(MG828)	NC_008486	-	-	-	-	-	-	non-mobilizable	CP029109	0.000557238	Escherichia coli	AB686	AK565	order	Enterobacterales	order	Enterobacterales	genus	Escherichia	30761100	KV01
NODE_6_7+_length_1552_cov_11.6688	1	1552	0.5186855670103093	5e7ec3f68c4a15b5f3c2ce256642147b	Col(MG828)	NC_008486	-	-	-	-	MOBP,MOB_unknown	AB027308,JN985534	mobilizable	CP023858	0.00103256	Escherichia coli	AB685	AK563	order	Enterobacterales	order	Enterobacterales	genus	Escherichia	30761100	KV01
